
> libx@ build /private/tmp/libx-fmt-import-20261002
> node scripts/build-integrated.js -- --confirm --reuse

【情報】awesome/overview: 再生成します (検証済み成果物目録がありません。再ビルドしてください: awesome/overview)
【情報】awesome/overview をビルドしています...

> apps-awesome-overview@0.0.1 prebuild /private/tmp/libx-fmt-import-20261002/apps/awesome/overview
> node prepare.mjs


> apps-awesome-overview@0.0.1 build /private/tmp/libx-fmt-import-20261002/apps/awesome/overview
> astro build

2:15:53 AM [vite] (ssr) warning: 
/private/tmp/libx-fmt-import-20261002/apps/awesome/overview/astro.config.mjs
10 |  const repositoryRoot = findRepositoryRoot(__dirname);
11 |  const { remarkAwesomeInternalLinks } = await import(
12 |    pathToFileURL(path.join(repositoryRoot, 'scripts/plugins/remark-awesome-internal-links.js')).href
   |    ^^^^^^^^^^^^^^^^^^^^^^^^^^^^^^^^^^^^^^^^^^^^^^^^^^^^^^^^^^^^^^^^^^^^^^^^^^^^^^^^^^^^^^^^^^^^^^^^^
13 |  );
14 |  const { readAwesomeRouteManifest } = await import(
The above dynamic import cannot be analyzed by Vite.
See https://github.com/rollup/plugins/tree/master/packages/dynamic-import-vars#limitations for supported dynamic import formats. If this is intended to be left as-is, you can use the /* @vite-ignore */ comment inside the import() call to suppress this warning.

  Plugin: vite:import-analysis
  File: /private/tmp/libx-fmt-import-20261002/apps/awesome/overview/astro.config.mjs
2:15:53 AM [vite] (ssr) warning: 
/private/tmp/libx-fmt-import-20261002/apps/awesome/overview/astro.config.mjs
13 |  );
14 |  const { readAwesomeRouteManifest } = await import(
15 |    pathToFileURL(path.join(repositoryRoot, 'scripts/importers/awesome/app-ownership.mjs')).href
   |    ^^^^^^^^^^^^^^^^^^^^^^^^^^^^^^^^^^^^^^^^^^^^^^^^^^^^^^^^^^^^^^^^^^^^^^^^^^^^^^^^^^^^^^^^^^^^
16 |  );
17 |  const localizedRouteManifest = readAwesomeRouteManifest({ root: repositoryRoot });
The above dynamic import cannot be analyzed by Vite.
See https://github.com/rollup/plugins/tree/master/packages/dynamic-import-vars#limitations for supported dynamic import formats. If this is intended to be left as-is, you can use the /* @vite-ignore */ comment inside the import() call to suppress this warning.

  Plugin: vite:import-analysis
  File: /private/tmp/libx-fmt-import-20261002/apps/awesome/overview/astro.config.mjs
02:15:53 [content] Syncing content
02:15:53 [content] Synced content
02:15:53 [types] Generated 109ms
02:15:53 [build] output: "static"
02:15:53 [build] mode: "static"
02:15:53 [build] directory: /private/tmp/libx-fmt-import-20261002/apps/awesome/overview/dist/
02:15:53 [build] Collecting build info...
02:15:53 [build] ✓ Completed in 124ms.
02:15:53 [build] Building static entrypoints...
02:15:55 [vite] ✓ built in 1.58s
02:15:55 [build] ✓ Completed in 1.60s.

 building client (vite) 
02:15:55 [vite] transforming...
02:15:55 [vite] ✓ 13 modules transformed.
02:15:55 [vite] rendering chunks...
02:15:55 [vite] computing gzip size...
02:15:55 [vite] dist/assets/overview/MainLayout.astro_astro_type_script_index_0_lang.BufUD1wh.js        0.16 kB │ gzip: 0.15 kB
02:15:55 [vite] dist/assets/overview/Banner.astro_astro_type_script_index_0_lang.JXV-v118.js            0.32 kB │ gzip: 0.24 kB
02:15:55 [vite] dist/assets/overview/ThemeToggle.astro_astro_type_script_index_0_lang.BDHHZQnD.js       0.69 kB │ gzip: 0.36 kB
02:15:55 [vite] dist/assets/overview/VersionDiff.astro_astro_type_script_index_0_lang.DQPfIGNm.js       0.69 kB │ gzip: 0.47 kB
02:15:55 [vite] dist/assets/overview/SidebarPersister.astro_astro_type_script_index_0_lang.1HBmR04Y.js  0.79 kB │ gzip: 0.46 kB
02:15:55 [vite] dist/assets/overview/Sidebar.astro_astro_type_script_index_0_lang.Dr4m1BH4.js           0.90 kB │ gzip: 0.38 kB
02:15:55 [vite] dist/assets/overview/Navigation.astro_astro_type_script_index_0_lang.BxRkvq3w.js        0.97 kB │ gzip: 0.44 kB
02:15:55 [vite] dist/assets/overview/TableOfContents.astro_astro_type_script_index_0_lang.ClgIWJ3a.js   1.05 kB │ gzip: 0.54 kB
02:15:55 [vite] dist/assets/overview/Search.astro_astro_type_script_index_0_lang.BValThxB.js            1.71 kB │ gzip: 0.92 kB
02:15:55 [vite] dist/assets/overview/search-client.8T0gqxS2.js                                          1.97 kB │ gzip: 1.02 kB
02:15:55 [vite] dist/assets/overview/GroupSidebar.astro_astro_type_script_index_0_lang.CHMaUHWQ.js      2.33 kB │ gzip: 1.05 kB
02:15:55 [vite] ✓ built in 33ms

 generating static routes 
02:15:55 ▶ src/pages/404.astro
02:15:55   └─ /404.html (+1.15s) 
02:15:56 ▶ src/pages/[version]/[lang]/index.astro
02:15:56   ├─ /v2026-08-20/en/index.html (+16ms) 
02:15:56   ├─ /v2026-08-20/ja/index.html (+12ms) 
02:15:56   ├─ /v2026-08-23/en/index.html (+18ms) 
02:15:56   └─ /v2026-08-23/ja/index.html (+16ms) 
02:15:56 ▶ src/pages/[version]/[lang]/[...slug].astro
02:15:56   ├─ /v2026-08-20/en/overview/sindresorhus-awesome/index.html (+6ms) 
02:15:56   ├─ /v2026-08-20/ja/overview/sindresorhus-awesome/index.html (+5ms) 
02:15:56   ├─ /v2026-08-23/en/overview/sindresorhus-awesome/index.html (+4ms) 
02:15:56   └─ /v2026-08-23/ja/overview/sindresorhus-awesome/index.html (+5ms) 
02:15:56 ▶ src/pages/[version]/index.astro
02:15:56   ├─ /v2026-08-20/index.html (+1ms) 
02:15:56   └─ /v2026-08-23/index.html (+1ms) 
02:15:56 ▶ src/pages/index.astro
02:15:56   └─ /index.html (+0ms) 
02:15:56 ✓ Completed in 1.24s.

02:15:57 [build] 12 page(s) built in 3.59s
02:15:57 [build] Complete!
【情報】awesome/web: 再生成します (検証済み成果物目録がありません。再ビルドしてください: awesome/web)
【情報】awesome/web をビルドしています...

> apps-awesome-web@0.0.1 prebuild /private/tmp/libx-fmt-import-20261002/apps/awesome/web
> node prepare.mjs


> apps-awesome-web@0.0.1 build /private/tmp/libx-fmt-import-20261002/apps/awesome/web
> astro build

2:15:59 AM [vite] (ssr) warning: 
/private/tmp/libx-fmt-import-20261002/apps/awesome/web/astro.config.mjs
10 |  const repositoryRoot = findRepositoryRoot(__dirname);
11 |  const { remarkAwesomeInternalLinks } = await import(
12 |    pathToFileURL(path.join(repositoryRoot, 'scripts/plugins/remark-awesome-internal-links.js')).href
   |    ^^^^^^^^^^^^^^^^^^^^^^^^^^^^^^^^^^^^^^^^^^^^^^^^^^^^^^^^^^^^^^^^^^^^^^^^^^^^^^^^^^^^^^^^^^^^^^^^^
13 |  );
14 |  const { readAwesomeRouteManifest } = await import(
The above dynamic import cannot be analyzed by Vite.
See https://github.com/rollup/plugins/tree/master/packages/dynamic-import-vars#limitations for supported dynamic import formats. If this is intended to be left as-is, you can use the /* @vite-ignore */ comment inside the import() call to suppress this warning.

  Plugin: vite:import-analysis
  File: /private/tmp/libx-fmt-import-20261002/apps/awesome/web/astro.config.mjs
2:15:59 AM [vite] (ssr) warning: 
/private/tmp/libx-fmt-import-20261002/apps/awesome/web/astro.config.mjs
13 |  );
14 |  const { readAwesomeRouteManifest } = await import(
15 |    pathToFileURL(path.join(repositoryRoot, 'scripts/importers/awesome/app-ownership.mjs')).href
   |    ^^^^^^^^^^^^^^^^^^^^^^^^^^^^^^^^^^^^^^^^^^^^^^^^^^^^^^^^^^^^^^^^^^^^^^^^^^^^^^^^^^^^^^^^^^^^
16 |  );
17 |  const localizedRouteManifest = readAwesomeRouteManifest({ root: repositoryRoot });
The above dynamic import cannot be analyzed by Vite.
See https://github.com/rollup/plugins/tree/master/packages/dynamic-import-vars#limitations for supported dynamic import formats. If this is intended to be left as-is, you can use the /* @vite-ignore */ comment inside the import() call to suppress this warning.

  Plugin: vite:import-analysis
  File: /private/tmp/libx-fmt-import-20261002/apps/awesome/web/astro.config.mjs
02:15:59 [content] Syncing content
02:15:59 [content] Synced content
02:15:59 [types] Generated 101ms
02:15:59 [build] output: "static"
02:15:59 [build] mode: "static"
02:15:59 [build] directory: /private/tmp/libx-fmt-import-20261002/apps/awesome/web/dist/
02:15:59 [build] Collecting build info...
02:15:59 [build] ✓ Completed in 114ms.
02:15:59 [build] Building static entrypoints...
[Shiki] The language "apacheconf" doesn't exist, falling back to "plaintext".
[Shiki] The language "apacheconf" doesn't exist, falling back to "plaintext".
[Shiki] The language "apacheconf" doesn't exist, falling back to "plaintext".
[Shiki] The language "apacheconf" doesn't exist, falling back to "plaintext".
[Shiki] The language "apacheconf" doesn't exist, falling back to "plaintext".
[Shiki] The language "apacheconf" doesn't exist, falling back to "plaintext".
[Shiki] The language "apacheconf" doesn't exist, falling back to "plaintext".
[Shiki] The language "apacheconf" doesn't exist, falling back to "plaintext".
[Shiki] The language "apacheconf" doesn't exist, falling back to "plaintext".
[Shiki] The language "apacheconf" doesn't exist, falling back to "plaintext".
[Shiki] The language "apacheconf" doesn't exist, falling back to "plaintext".
[Shiki] The language "apacheconf" doesn't exist, falling back to "plaintext".
[Shiki] The language "apacheconf" doesn't exist, falling back to "plaintext".
[Shiki] The language "apacheconf" doesn't exist, falling back to "plaintext".
[Shiki] The language "apacheconf" doesn't exist, falling back to "plaintext".
[Shiki] The language "apacheconf" doesn't exist, falling back to "plaintext".
[Shiki] The language "apacheconf" doesn't exist, falling back to "plaintext".
[Shiki] The language "apacheconf" doesn't exist, falling back to "plaintext".
[Shiki] The language "apacheconf" doesn't exist, falling back to "plaintext".
[Shiki] The language "apacheconf" doesn't exist, falling back to "plaintext".
[Shiki] The language "apacheconf" doesn't exist, falling back to "plaintext".
[Shiki] The language "apacheconf" doesn't exist, falling back to "plaintext".
[Shiki] The language "apacheconf" doesn't exist, falling back to "plaintext".
[Shiki] The language "apacheconf" doesn't exist, falling back to "plaintext".
[Shiki] The language "apacheconf" doesn't exist, falling back to "plaintext".
[Shiki] The language "apacheconf" doesn't exist, falling back to "plaintext".
[Shiki] The language "apacheconf" doesn't exist, falling back to "plaintext".
[Shiki] The language "apacheconf" doesn't exist, falling back to "plaintext".
[Shiki] The language "apacheconf" doesn't exist, falling back to "plaintext".
[Shiki] The language "apacheconf" doesn't exist, falling back to "plaintext".
[Shiki] The language "apacheconf" doesn't exist, falling back to "plaintext".
[Shiki] The language "apacheconf" doesn't exist, falling back to "plaintext".
[Shiki] The language "apacheconf" doesn't exist, falling back to "plaintext".
[Shiki] The language "apacheconf" doesn't exist, falling back to "plaintext".
[Shiki] The language "apacheconf" doesn't exist, falling back to "plaintext".
[Shiki] The language "apacheconf" doesn't exist, falling back to "plaintext".
[Shiki] The language "apacheconf" doesn't exist, falling back to "plaintext".
[Shiki] The language "apacheconf" doesn't exist, falling back to "plaintext".
[Shiki] The language "apacheconf" doesn't exist, falling back to "plaintext".
[Shiki] The language "apacheconf" doesn't exist, falling back to "plaintext".
[Shiki] The language "apacheconf" doesn't exist, falling back to "plaintext".
[Shiki] The language "apacheconf" doesn't exist, falling back to "plaintext".
[Shiki] The language "apacheconf" doesn't exist, falling back to "plaintext".
[Shiki] The language "apacheconf" doesn't exist, falling back to "plaintext".
[Shiki] The language "apacheconf" doesn't exist, falling back to "plaintext".
[Shiki] The language "apacheconf" doesn't exist, falling back to "plaintext".
[Shiki] The language "apacheconf" doesn't exist, falling back to "plaintext".
[Shiki] The language "apacheconf" doesn't exist, falling back to "plaintext".
[Shiki] The language "apacheconf" doesn't exist, falling back to "plaintext".
[Shiki] The language "apacheconf" doesn't exist, falling back to "plaintext".
[Shiki] The language "apacheconf" doesn't exist, falling back to "plaintext".
[Shiki] The language "apacheconf" doesn't exist, falling back to "plaintext".
[Shiki] The language "apacheconf" doesn't exist, falling back to "plaintext".
[Shiki] The language "apacheconf" doesn't exist, falling back to "plaintext".
[Shiki] The language "apacheconf" doesn't exist, falling back to "plaintext".
[Shiki] The language "apacheconf" doesn't exist, falling back to "plaintext".
[Shiki] The language "apacheconf" doesn't exist, falling back to "plaintext".
[Shiki] The language "apacheconf" doesn't exist, falling back to "plaintext".
[Shiki] The language "apacheconf" doesn't exist, falling back to "plaintext".
[Shiki] The language "apacheconf" doesn't exist, falling back to "plaintext".
[Shiki] The language "apacheconf" doesn't exist, falling back to "plaintext".
[Shiki] The language "apacheconf" doesn't exist, falling back to "plaintext".
[Shiki] The language "apacheconf" doesn't exist, falling back to "plaintext".
[Shiki] The language "apacheconf" doesn't exist, falling back to "plaintext".
[Shiki] The language "apacheconf" doesn't exist, falling back to "plaintext".
[Shiki] The language "apacheconf" doesn't exist, falling back to "plaintext".
[Shiki] The language "apacheconf" doesn't exist, falling back to "plaintext".
[Shiki] The language "apacheconf" doesn't exist, falling back to "plaintext".
[Shiki] The language "apacheconf" doesn't exist, falling back to "plaintext".
[Shiki] The language "apacheconf" doesn't exist, falling back to "plaintext".
[Shiki] The language "apacheconf" doesn't exist, falling back to "plaintext".
[Shiki] The language "apacheconf" doesn't exist, falling back to "plaintext".
[Shiki] The language "apacheconf" doesn't exist, falling back to "plaintext".
[Shiki] The language "apacheconf" doesn't exist, falling back to "plaintext".
[Shiki] The language "apacheconf" doesn't exist, falling back to "plaintext".
[Shiki] The language "apacheconf" doesn't exist, falling back to "plaintext".
[Shiki] The language "apacheconf" doesn't exist, falling back to "plaintext".
[Shiki] The language "apacheconf" doesn't exist, falling back to "plaintext".
[Shiki] The language "apacheconf" doesn't exist, falling back to "plaintext".
[Shiki] The language "apacheconf" doesn't exist, falling back to "plaintext".
[Shiki] The language "apacheconf" doesn't exist, falling back to "plaintext".
[Shiki] The language "apacheconf" doesn't exist, falling back to "plaintext".
[Shiki] The language "apacheconf" doesn't exist, falling back to "plaintext".
[Shiki] The language "apacheconf" doesn't exist, falling back to "plaintext".
[Shiki] The language "apacheconf" doesn't exist, falling back to "plaintext".
[Shiki] The language "apacheconf" doesn't exist, falling back to "plaintext".
[Shiki] The language "apacheconf" doesn't exist, falling back to "plaintext".
[Shiki] The language "apacheconf" doesn't exist, falling back to "plaintext".
[Shiki] The language "apacheconf" doesn't exist, falling back to "plaintext".
[Shiki] The language "apacheconf" doesn't exist, falling back to "plaintext".
[Shiki] The language "apacheconf" doesn't exist, falling back to "plaintext".
[Shiki] The language "apacheconf" doesn't exist, falling back to "plaintext".
[Shiki] The language "apacheconf" doesn't exist, falling back to "plaintext".
[Shiki] The language "apacheconf" doesn't exist, falling back to "plaintext".
[Shiki] The language "apacheconf" doesn't exist, falling back to "plaintext".
[Shiki] The language "apacheconf" doesn't exist, falling back to "plaintext".
[Shiki] The language "apacheconf" doesn't exist, falling back to "plaintext".
[Shiki] The language "apacheconf" doesn't exist, falling back to "plaintext".
[Shiki] The language "apacheconf" doesn't exist, falling back to "plaintext".
[Shiki] The language "apacheconf" doesn't exist, falling back to "plaintext".
02:16:15 [vite] ✓ built in 15.93s
02:16:15 [build] ✓ Completed in 15.95s.

 building client (vite) 
02:16:15 [vite] transforming...
02:16:15 [vite] ✓ 13 modules transformed.
02:16:15 [vite] rendering chunks...
02:16:15 [vite] computing gzip size...
02:16:15 [vite] dist/assets/web/MainLayout.astro_astro_type_script_index_0_lang.BufUD1wh.js        0.16 kB │ gzip: 0.15 kB
02:16:15 [vite] dist/assets/web/Banner.astro_astro_type_script_index_0_lang.JXV-v118.js            0.32 kB │ gzip: 0.24 kB
02:16:15 [vite] dist/assets/web/ThemeToggle.astro_astro_type_script_index_0_lang.BDHHZQnD.js       0.69 kB │ gzip: 0.36 kB
02:16:15 [vite] dist/assets/web/VersionDiff.astro_astro_type_script_index_0_lang.DQPfIGNm.js       0.69 kB │ gzip: 0.47 kB
02:16:15 [vite] dist/assets/web/SidebarPersister.astro_astro_type_script_index_0_lang.1HBmR04Y.js  0.79 kB │ gzip: 0.46 kB
02:16:15 [vite] dist/assets/web/Sidebar.astro_astro_type_script_index_0_lang.Dr4m1BH4.js           0.90 kB │ gzip: 0.38 kB
02:16:15 [vite] dist/assets/web/Navigation.astro_astro_type_script_index_0_lang.BxRkvq3w.js        0.97 kB │ gzip: 0.44 kB
02:16:15 [vite] dist/assets/web/TableOfContents.astro_astro_type_script_index_0_lang.ClgIWJ3a.js   1.05 kB │ gzip: 0.54 kB
02:16:15 [vite] dist/assets/web/Search.astro_astro_type_script_index_0_lang.BValThxB.js            1.71 kB │ gzip: 0.92 kB
02:16:15 [vite] dist/assets/web/search-client.8T0gqxS2.js                                          1.97 kB │ gzip: 1.02 kB
02:16:15 [vite] dist/assets/web/GroupSidebar.astro_astro_type_script_index_0_lang.CHMaUHWQ.js      2.33 kB │ gzip: 1.05 kB
02:16:15 [vite] ✓ built in 33ms

 generating static routes 
02:16:15 ▶ src/pages/[version]/[lang]/[...slug].astro
02:16:15   ├─ /v2026-08-20/en/front-end-development/agarrharr-awesome-static-website-services/index.html (+543ms) 
02:16:16   ├─ /v2026-08-20/ja/front-end-development/agarrharr-awesome-static-website-services/index.html (+6ms) 
02:16:16   ├─ /v2026-08-20/en/front-end-development/AllThingsSmitty-css-protips/index.html (+6ms) 
02:16:16   ├─ /v2026-08-20/ja/front-end-development/AllThingsSmitty-css-protips/index.html (+5ms) 
02:16:16   ├─ /v2026-08-20/en/front-end-development/AllThingsSmitty-jquery-tips-everyone-should-know/index.html (+4ms) 
02:16:16   ├─ /v2026-08-20/ja/front-end-development/AllThingsSmitty-jquery-tips-everyone-should-know/index.html (+5ms) 
02:16:16   ├─ /v2026-08-20/en/front-end-development/AllThingsSmitty-must-watch-css/index.html (+4ms) 
02:16:16   ├─ /v2026-08-20/ja/front-end-development/AllThingsSmitty-must-watch-css/index.html (+6ms) 
02:16:16   ├─ /v2026-08-20/en/front-end-development/aniftyco-awesome-tailwindcss/index.html (+5ms) 
02:16:16   ├─ /v2026-08-20/ja/front-end-development/aniftyco-awesome-tailwindcss/index.html (+29ms) 
02:16:16   ├─ /v2026-08-20/en/front-end-development/brillout-awesome-redux/index.html (+5ms) 
02:16:16   ├─ /v2026-08-20/ja/front-end-development/brillout-awesome-redux/index.html (+4ms) 
02:16:16   ├─ /v2026-08-20/en/front-end-development/brunopulis-awesome-a11y/index.html (+3ms) 
02:16:16   ├─ /v2026-08-20/ja/front-end-development/brunopulis-awesome-a11y/index.html (+3ms) 
02:16:16   ├─ /v2026-08-20/en/front-end-development/candelibas-awesome-ionic/index.html (+4ms) 
02:16:16   ├─ /v2026-08-20/ja/front-end-development/candelibas-awesome-ionic/index.html (+5ms) 
02:16:16   ├─ /v2026-08-20/en/front-end-development/ChromeDevTools-awesome-chrome-devtools/index.html (+4ms) 
02:16:16   ├─ /v2026-08-20/ja/front-end-development/ChromeDevTools-awesome-chrome-devtools/index.html (+4ms) 
02:16:16   ├─ /v2026-08-20/en/front-end-development/componently-com-awesome-building-blocks-for-web-apps/index.html (+3ms) 
02:16:16   ├─ /v2026-08-20/ja/front-end-development/componently-com-awesome-building-blocks-for-web-apps/index.html (+3ms) 
02:16:16   ├─ /v2026-08-20/en/front-end-development/davidsonfellipe-awesome-wpo/index.html (+4ms) 
02:16:16   ├─ /v2026-08-20/ja/front-end-development/davidsonfellipe-awesome-wpo/index.html (+4ms) 
02:16:16   ├─ /v2026-08-20/en/front-end-development/diegocard-awesome-html5/index.html (+4ms) 
02:16:16   ├─ /v2026-08-20/ja/front-end-development/diegocard-awesome-html5/index.html (+4ms) 
02:16:16   ├─ /v2026-08-20/en/front-end-development/Famolus-awesome-sass/index.html (+3ms) 
02:16:16   ├─ /v2026-08-20/ja/front-end-development/Famolus-awesome-sass/index.html (+3ms) 
02:16:16   ├─ /v2026-08-20/en/front-end-development/glauberfc-awesome-react-hooks/index.html (+3ms) 
02:16:16   ├─ /v2026-08-20/ja/front-end-development/glauberfc-awesome-react-hooks/index.html (+3ms) 
02:16:16   ├─ /v2026-08-20/en/front-end-development/henrikwirth-awesome-wordpress-gatsby/index.html (+3ms) 
02:16:16   ├─ /v2026-08-20/ja/front-end-development/henrikwirth-awesome-wordpress-gatsby/index.html (+3ms) 
02:16:16   ├─ /v2026-08-20/en/front-end-development/idematos-awesome-webassembly/index.html (+3ms) 
02:16:16   ├─ /v2026-08-20/ja/front-end-development/idematos-awesome-webassembly/index.html (+3ms) 
02:16:16   ├─ /v2026-08-20/en/front-end-development/innocenzi-awesome-inertiajs/index.html (+2ms) 
02:16:16   ├─ /v2026-08-20/ja/front-end-development/innocenzi-awesome-inertiajs/index.html (+3ms) 
02:16:16   ├─ /v2026-08-20/en/front-end-development/jbmoelker-progressive-enhancement-resources/index.html (+3ms) 
02:16:16   ├─ /v2026-08-20/ja/front-end-development/jbmoelker-progressive-enhancement-resources/index.html (+3ms) 
02:16:16   ├─ /v2026-08-20/en/front-end-development/jdrgomes-awesome-postcss/index.html (+3ms) 
02:16:16   ├─ /v2026-08-20/ja/front-end-development/jdrgomes-awesome-postcss/index.html (+3ms) 
02:16:16   ├─ /v2026-08-20/en/front-end-development/jetli-awesome-yew/index.html (+3ms) 
02:16:16   ├─ /v2026-08-20/ja/front-end-development/jetli-awesome-yew/index.html (+3ms) 
02:16:16   ├─ /v2026-08-20/en/front-end-development/joewdavies-awesome-frontend-gis/index.html (+4ms) 
02:16:16   ├─ /v2026-08-20/ja/front-end-development/joewdavies-awesome-frontend-gis/index.html (+4ms) 
02:16:16   ├─ /v2026-08-20/en/front-end-development/klaufel-awesome-design-systems/index.html (+5ms) 
02:16:16   ├─ /v2026-08-20/ja/front-end-development/klaufel-awesome-design-systems/index.html (+4ms) 
02:16:16   ├─ /v2026-08-20/en/front-end-development/lauthieb-awesome-storybook/index.html (+3ms) 
02:16:16   ├─ /v2026-08-20/ja/front-end-development/lauthieb-awesome-storybook/index.html (+3ms) 
02:16:16   ├─ /v2026-08-20/en/front-end-development/LucasBassetti-awesome-less/index.html (+3ms) 
02:16:16   ├─ /v2026-08-20/ja/front-end-development/LucasBassetti-awesome-less/index.html (+3ms) 
02:16:16   ├─ /v2026-08-20/en/front-end-development/lvwzhen-tools/index.html (+3ms) 
02:16:16   ├─ /v2026-08-20/ja/front-end-development/lvwzhen-tools/index.html (+3ms) 
02:16:16   ├─ /v2026-08-20/en/front-end-development/master-co-awesome-master-css/index.html (+3ms) 
02:16:16   ├─ /v2026-08-20/ja/front-end-development/master-co-awesome-master-css/index.html (+3ms) 
02:16:16   ├─ /v2026-08-20/en/front-end-development/mdbootstrap-awesome-mdbootstrap/index.html (+2ms) 
02:16:16   ├─ /v2026-08-20/ja/front-end-development/mdbootstrap-awesome-mdbootstrap/index.html (+3ms) 
02:16:16   ├─ /v2026-08-20/en/front-end-development/mikbry-awesome-webgpu/index.html (+3ms) 
02:16:16   ├─ /v2026-08-20/ja/front-end-development/mikbry-awesome-webgpu/index.html (+3ms) 
02:16:16   ├─ /v2026-08-20/en/front-end-development/nadunindunil-awesome-material-ui/index.html (+3ms) 
02:16:16   ├─ /v2026-08-20/ja/front-end-development/nadunindunil-awesome-material-ui/index.html (+3ms) 
02:16:16   ├─ /v2026-08-20/en/front-end-development/pajaydev-awesome-web-performance-budget/index.html (+3ms) 
02:16:16   ├─ /v2026-08-20/ja/front-end-development/pajaydev-awesome-web-performance-budget/index.html (+3ms) 
02:16:16   ├─ /v2026-08-20/en/front-end-development/PatrickJS-awesome-angular/index.html (+9ms) 
02:16:16   ├─ /v2026-08-20/ja/front-end-development/PatrickJS-awesome-angular/index.html (+9ms) 
02:16:16   ├─ /v2026-08-20/en/front-end-development/pazguille-offline-first/index.html (+3ms) 
02:16:16   ├─ /v2026-08-20/ja/front-end-development/pazguille-offline-first/index.html (+4ms) 
02:16:16   ├─ /v2026-08-20/en/front-end-development/sachin1092-awesome-material/index.html (+2ms) 
02:16:16   ├─ /v2026-08-20/ja/front-end-development/sachin1092-awesome-material/index.html (+3ms) 
02:16:16   ├─ /v2026-08-20/en/front-end-development/seed-rs-awesome-seed-rs/index.html (+2ms) 
02:16:16   ├─ /v2026-08-20/ja/front-end-development/seed-rs-awesome-seed-rs/index.html (+2ms) 
02:16:16   ├─ /v2026-08-20/en/front-end-development/sergey-pimenov-awesome-web-animation/index.html (+3ms) 
02:16:16   ├─ /v2026-08-20/ja/front-end-development/sergey-pimenov-awesome-web-animation/index.html (+3ms) 
02:16:16   ├─ /v2026-08-20/en/front-end-development/shopify-awesome-hydrogen/index.html (+3ms) 
02:16:16   ├─ /v2026-08-20/ja/front-end-development/shopify-awesome-hydrogen/index.html (+3ms) 
02:16:16   ├─ /v2026-08-20/en/front-end-development/sjfricke-awesome-webgl/index.html (+6ms) 
02:16:16   ├─ /v2026-08-20/ja/front-end-development/sjfricke-awesome-webgl/index.html (+4ms) 
02:16:16   ├─ /v2026-08-20/en/front-end-development/sturobson-BEM-resources/index.html (+3ms) 
02:16:16   ├─ /v2026-08-20/ja/front-end-development/sturobson-BEM-resources/index.html (+3ms) 
02:16:16   ├─ /v2026-08-20/en/front-end-development/TalAter-awesome-progressive-web-apps/index.html (+2ms) 
02:16:16   ├─ /v2026-08-20/ja/front-end-development/TalAter-awesome-progressive-web-apps/index.html (+3ms) 
02:16:16   ├─ /v2026-08-20/en/front-end-development/TalAter-awesome-service-workers/index.html (+3ms) 
02:16:16   ├─ /v2026-08-20/ja/front-end-development/TalAter-awesome-service-workers/index.html (+3ms) 
02:16:16   ├─ /v2026-08-20/en/front-end-development/TheComputerM-awesome-svelte/index.html (+3ms) 
02:16:16   ├─ /v2026-08-20/ja/front-end-development/TheComputerM-awesome-svelte/index.html (+3ms) 
02:16:16   ├─ /v2026-08-20/en/front-end-development/thoughtspile-awesome-tiny-js/index.html (+3ms) 
02:16:16   ├─ /v2026-08-20/ja/front-end-development/thoughtspile-awesome-tiny-js/index.html (+3ms) 
02:16:16   ├─ /v2026-08-20/en/front-end-development/Urigo-awesome-meteor/index.html (+3ms) 
02:16:16   ├─ /v2026-08-20/ja/front-end-development/Urigo-awesome-meteor/index.html (+4ms) 
02:16:16   ├─ /v2026-08-20/en/front-end-development/vuejs-awesome-vue/index.html (+5ms) 
02:16:16   ├─ /v2026-08-20/ja/front-end-development/vuejs-awesome-vue/index.html (+6ms) 
02:16:16   ├─ /v2026-08-20/en/front-end-development/wasabeef-awesome-android-ui/index.html (+4ms) 
02:16:16   ├─ /v2026-08-20/ja/front-end-development/wasabeef-awesome-android-ui/index.html (+4ms) 
02:16:16   ├─ /v2026-08-20/en/front-end-development/wbkd-awesome-d3/index.html (+3ms) 
02:16:16   ├─ /v2026-08-20/ja/front-end-development/wbkd-awesome-d3/index.html (+3ms) 
02:16:16   ├─ /v2026-08-20/en/front-end-development/web-padawan-awesome-lit/index.html (+3ms) 
02:16:16   ├─ /v2026-08-20/ja/front-end-development/web-padawan-awesome-lit/index.html (+3ms) 
02:16:16   ├─ /v2026-08-20/en/front-end-development/web-padawan-awesome-web-components/index.html (+5ms) 
02:16:16   ├─ /v2026-08-20/ja/front-end-development/web-padawan-awesome-web-components/index.html (+4ms) 
02:16:16   ├─ /v2026-08-20/en/front-end-development/zingchart-awesome-charting/index.html (+3ms) 
02:16:16   ├─ /v2026-08-20/ja/front-end-development/zingchart-awesome-charting/index.html (+3ms) 
02:16:16   ├─ /v2026-08-20/en/back-end-development/fukuball-Awesome-Laravel-Education/index.html (+3ms) 
02:16:16   ├─ /v2026-08-20/ja/back-end-development/fukuball-Awesome-Laravel-Education/index.html (+3ms) 
02:16:16   ├─ /v2026-08-20/en/back-end-development/gofiber-awesome-fiber/index.html (+3ms) 
02:16:16   ├─ /v2026-08-20/ja/back-end-development/gofiber-awesome-fiber/index.html (+3ms) 
02:16:16   ├─ /v2026-08-20/en/back-end-development/gramantin-awesome-rails/index.html (+7ms) 
02:16:16   ├─ /v2026-08-20/ja/back-end-development/gramantin-awesome-rails/index.html (+5ms) 
02:16:16   ├─ /v2026-08-20/en/back-end-development/kdeldycke-awesome-iam/index.html (+4ms) 
02:16:16   ├─ /v2026-08-20/ja/back-end-development/kdeldycke-awesome-iam/index.html (+4ms) 
02:16:16   ├─ /v2026-08-20/en/back-end-development/kolomied-awesome-cdk/index.html (+3ms) 
02:16:16   ├─ /v2026-08-20/ja/back-end-development/kolomied-awesome-cdk/index.html (+3ms) 
02:16:16   ├─ /v2026-08-20/en/back-end-development/mjhea0-awesome-fastapi/index.html (+3ms) 
02:16:16   ├─ /v2026-08-20/ja/back-end-development/mjhea0-awesome-fastapi/index.html (+3ms) 
02:16:16   ├─ /v2026-08-20/en/back-end-development/mjhea0-awesome-flask/index.html (+3ms) 
02:16:16   ├─ /v2026-08-20/ja/back-end-development/mjhea0-awesome-flask/index.html (+3ms) 
02:16:16   ├─ /v2026-08-20/en/back-end-development/nekofar-awesome-slim/index.html (+3ms) 
02:16:16   ├─ /v2026-08-20/ja/back-end-development/nekofar-awesome-slim/index.html (+3ms) 
02:16:16   ├─ /v2026-08-20/en/back-end-development/phalcon-awesome-phalcon/index.html (+3ms) 
02:16:16   ├─ /v2026-08-20/ja/back-end-development/phalcon-awesome-phalcon/index.html (+3ms) 
02:16:16   ├─ /v2026-08-20/en/back-end-development/pmuens-awesome-serverless/index.html (+3ms) 
02:16:16   ├─ /v2026-08-20/ja/back-end-development/pmuens-awesome-serverless/index.html (+3ms) 
02:16:16   ├─ /v2026-08-20/en/back-end-development/reflex-dev-awesome-reflex/index.html (+3ms) 
02:16:16   ├─ /v2026-08-20/ja/back-end-development/reflex-dev-awesome-reflex/index.html (+3ms) 
02:16:16   ├─ /v2026-08-20/en/back-end-development/shuaibiyy-awesome-terraform/index.html (+4ms) 
02:16:16   ├─ /v2026-08-20/ja/back-end-development/shuaibiyy-awesome-terraform/index.html (+4ms) 
02:16:16   ├─ /v2026-08-20/en/back-end-development/ucg8j-awesome-dash/index.html (+2ms) 
02:16:16   ├─ /v2026-08-20/ja/back-end-development/ucg8j-awesome-dash/index.html (+3ms) 
02:16:16   ├─ /v2026-08-20/en/back-end-development/vapor-community-awesome-vapor/index.html (+3ms) 
02:16:16   ├─ /v2026-08-20/ja/back-end-development/vapor-community-awesome-vapor/index.html (+3ms) 
02:16:16   ├─ /v2026-08-20/en/back-end-development/virtualroot-awesome-opentofu/index.html (+3ms) 
02:16:16   ├─ /v2026-08-20/ja/back-end-development/virtualroot-awesome-opentofu/index.html (+3ms) 
02:16:16   ├─ /v2026-08-20/en/content-management-systems/collective-awesome-plone/index.html (+3ms) 
02:16:16   ├─ /v2026-08-20/ja/content-management-systems/collective-awesome-plone/index.html (+3ms) 
02:16:16   ├─ /v2026-08-20/en/content-management-systems/craftcms-awesome/index.html (+3ms) 
02:16:16   ├─ /v2026-08-20/ja/content-management-systems/craftcms-awesome/index.html (+3ms) 
02:16:16   ├─ /v2026-08-20/en/content-management-systems/DanailMinchev-awesome-payload/index.html (+2ms) 
02:16:16   ├─ /v2026-08-20/ja/content-management-systems/DanailMinchev-awesome-payload/index.html (+5ms) 
02:16:16   ├─ /v2026-08-20/en/content-management-systems/directus-community-awesome-directus/index.html (+4ms) 
02:16:16   ├─ /v2026-08-20/ja/content-management-systems/directus-community-awesome-directus/index.html (+3ms) 
02:16:16   ├─ /v2026-08-20/en/content-management-systems/MartinMiles-Awesome-Sitecore/index.html (+4ms) 
02:16:16   ├─ /v2026-08-20/ja/content-management-systems/MartinMiles-Awesome-Sitecore/index.html (+4ms) 
02:16:16   ├─ /v2026-08-20/en/content-management-systems/wernerkrauss-awesome-silverstripe-cms/index.html (+3ms) 
02:16:16   ├─ /v2026-08-20/ja/content-management-systems/wernerkrauss-awesome-silverstripe-cms/index.html (+3ms) 
02:16:16   ├─ /v2026-08-20/en/testing/christian-bromann-awesome-selenium/index.html (+3ms) 
02:16:16   ├─ /v2026-08-20/ja/testing/christian-bromann-awesome-selenium/index.html (+3ms) 
02:16:16   ├─ /v2026-08-20/en/testing/coderabbitai-awesome-coderabbit/index.html (+2ms) 
02:16:16   ├─ /v2026-08-20/ja/testing/coderabbitai-awesome-coderabbit/index.html (+3ms) 
02:16:16   ├─ /v2026-08-20/en/testing/fityanos-awesome-quality-assurance-roadmap/index.html (+3ms) 
02:16:16   ├─ /v2026-08-20/ja/testing/fityanos-awesome-quality-assurance-roadmap/index.html (+3ms) 
02:16:16   ├─ /v2026-08-20/en/testing/grafana-awesome-k6/index.html (+3ms) 
02:16:16   ├─ /v2026-08-20/ja/testing/grafana-awesome-k6/index.html (+3ms) 
02:16:16   ├─ /v2026-08-20/en/testing/mxschmitt-awesome-playwright/index.html (+2ms) 
02:16:16   ├─ /v2026-08-20/ja/testing/mxschmitt-awesome-playwright/index.html (+3ms) 
02:16:16   ├─ /v2026-08-20/en/testing/sindresorhus-awesome-tap/index.html (+3ms) 
02:16:16   ├─ /v2026-08-20/ja/testing/sindresorhus-awesome-tap/index.html (+3ms) 
02:16:16   ├─ /v2026-08-20/en/testing/TheJambo-awesome-testing/index.html (+4ms) 
02:16:16   ├─ /v2026-08-20/ja/testing/TheJambo-awesome-testing/index.html (+3ms) 
02:16:16   ├─ /v2026-08-23/en/front-end-development/addyosmani-critical-path-css-tools/index.html (+3ms) 
02:16:16   ├─ /v2026-08-23/ja/front-end-development/addyosmani-critical-path-css-tools/index.html (+4ms) 
02:16:16   ├─ /v2026-08-23/en/front-end-development/addyosmani-es6-tools/index.html (+4ms) 
02:16:16   ├─ /v2026-08-23/ja/front-end-development/addyosmani-es6-tools/index.html (+3ms) 
02:16:16   ├─ /v2026-08-23/en/front-end-development/AdrienTorris-awesome-blazor/index.html (+6ms) 
02:16:16   ├─ /v2026-08-23/ja/front-end-development/AdrienTorris-awesome-blazor/index.html (+7ms) 
02:16:16   ├─ /v2026-08-23/en/front-end-development/afonsopacifer-awesome-flexbox/index.html (+4ms) 
02:16:16   ├─ /v2026-08-23/ja/front-end-development/afonsopacifer-awesome-flexbox/index.html (+3ms) 
02:16:16   ├─ /v2026-08-23/en/front-end-development/agarrharr-awesome-static-website-services/index.html (+3ms) 
02:16:16   ├─ /v2026-08-23/ja/front-end-development/agarrharr-awesome-static-website-services/index.html (+6ms) 
02:16:16   ├─ /v2026-08-23/en/front-end-development/AllThingsSmitty-css-protips/index.html (+4ms) 
02:16:16   ├─ /v2026-08-23/ja/front-end-development/AllThingsSmitty-css-protips/index.html (+4ms) 
02:16:16   ├─ /v2026-08-23/en/front-end-development/AllThingsSmitty-jquery-tips-everyone-should-know/index.html (+4ms) 
02:16:16   ├─ /v2026-08-23/ja/front-end-development/AllThingsSmitty-jquery-tips-everyone-should-know/index.html (+4ms) 
02:16:16   ├─ /v2026-08-23/en/front-end-development/AllThingsSmitty-must-watch-css/index.html (+3ms) 
02:16:16   ├─ /v2026-08-23/ja/front-end-development/AllThingsSmitty-must-watch-css/index.html (+3ms) 
02:16:16   ├─ /v2026-08-23/en/front-end-development/aniftyco-awesome-tailwindcss/index.html (+3ms) 
02:16:16   ├─ /v2026-08-23/ja/front-end-development/aniftyco-awesome-tailwindcss/index.html (+3ms) 
02:16:16   ├─ /v2026-08-23/en/front-end-development/aurelia-contrib-awesome-aurelia/index.html (+3ms) 
02:16:16   ├─ /v2026-08-23/ja/front-end-development/aurelia-contrib-awesome-aurelia/index.html (+4ms) 
02:16:16   ├─ /v2026-08-23/en/front-end-development/automata-awesome-jamstack/index.html (+3ms) 
02:16:16   ├─ /v2026-08-23/ja/front-end-development/automata-awesome-jamstack/index.html (+4ms) 
02:16:16   ├─ /v2026-08-23/en/front-end-development/awesome-css-group-awesome-css/index.html (+4ms) 
02:16:16   ├─ /v2026-08-23/ja/front-end-development/awesome-css-group-awesome-css/index.html (+4ms) 
02:16:16   ├─ /v2026-08-23/en/front-end-development/brillout-awesome-redux/index.html (+3ms) 
02:16:16   ├─ /v2026-08-23/ja/front-end-development/brillout-awesome-redux/index.html (+4ms) 
02:16:16   ├─ /v2026-08-23/en/front-end-development/browserify-awesome-browserify/index.html (+3ms) 
02:16:16   ├─ /v2026-08-23/ja/front-end-development/browserify-awesome-browserify/index.html (+3ms) 
02:16:16   ├─ /v2026-08-23/en/front-end-development/brunopulis-awesome-a11y/index.html (+3ms) 
02:16:16   ├─ /v2026-08-23/ja/front-end-development/brunopulis-awesome-a11y/index.html (+4ms) 
02:16:16   ├─ /v2026-08-23/en/front-end-development/candelibas-awesome-ionic/index.html (+4ms) 
02:16:16   ├─ /v2026-08-23/ja/front-end-development/candelibas-awesome-ionic/index.html (+4ms) 
02:16:16   ├─ /v2026-08-23/en/front-end-development/choojs-awesome-choo/index.html (+3ms) 
02:16:16   ├─ /v2026-08-23/ja/front-end-development/choojs-awesome-choo/index.html (+3ms) 
02:16:16   ├─ /v2026-08-23/en/front-end-development/ChromeDevTools-awesome-chrome-devtools/index.html (+3ms) 
02:16:16   ├─ /v2026-08-23/ja/front-end-development/ChromeDevTools-awesome-chrome-devtools/index.html (+3ms) 
02:16:16   ├─ /v2026-08-23/en/front-end-development/cjwirth-awesome-ios-ui/index.html (+3ms) 
02:16:16   ├─ /v2026-08-23/ja/front-end-development/cjwirth-awesome-ios-ui/index.html (+5ms) 
02:16:16   ├─ /v2026-08-23/en/front-end-development/componently-com-awesome-building-blocks-for-web-apps/index.html (+4ms) 
02:16:16   ├─ /v2026-08-23/ja/front-end-development/componently-com-awesome-building-blocks-for-web-apps/index.html (+4ms) 
02:16:16   ├─ /v2026-08-23/en/front-end-development/csabapalfi-awesome-pagespeed-metrics/index.html (+4ms) 
02:16:16   ├─ /v2026-08-23/ja/front-end-development/csabapalfi-awesome-pagespeed-metrics/index.html (+4ms) 
02:16:16   ├─ /v2026-08-23/en/front-end-development/cyclejs-community-awesome-cyclejs/index.html (+3ms) 
02:16:16   ├─ /v2026-08-23/ja/front-end-development/cyclejs-community-awesome-cyclejs/index.html (+4ms) 
02:16:16   ├─ /v2026-08-23/en/front-end-development/davidsonfellipe-awesome-wpo/index.html (+4ms) 
02:16:16   ├─ /v2026-08-23/ja/front-end-development/davidsonfellipe-awesome-wpo/index.html (+4ms) 
02:16:16   ├─ /v2026-08-23/en/front-end-development/davidtheclark-scalable-css-reading-list/index.html (+3ms) 
02:16:16   ├─ /v2026-08-23/ja/front-end-development/davidtheclark-scalable-css-reading-list/index.html (+3ms) 
02:16:16   ├─ /v2026-08-23/en/front-end-development/deanhume-typography/index.html (+3ms) 
02:16:16   ├─ /v2026-08-23/ja/front-end-development/deanhume-typography/index.html (+3ms) 
02:16:16   ├─ /v2026-08-23/en/front-end-development/diegocard-awesome-html5/index.html (+4ms) 
02:16:16   ├─ /v2026-08-23/ja/front-end-development/diegocard-awesome-html5/index.html (+4ms) 
02:16:16   ├─ /v2026-08-23/en/front-end-development/dnbard-awesome-knockout/index.html (+3ms) 
02:16:16   ├─ /v2026-08-23/ja/front-end-development/dnbard-awesome-knockout/index.html (+3ms) 
02:16:16   ├─ /v2026-08-23/en/front-end-development/dok-awesome-text-editing/index.html (+3ms) 
02:16:16   ├─ /v2026-08-23/ja/front-end-development/dok-awesome-text-editing/index.html (+3ms) 
02:16:16   ├─ /v2026-08-23/en/front-end-development/ember-community-russia-awesome-ember/index.html (+6ms) 
02:16:16   ├─ /v2026-08-23/ja/front-end-development/ember-community-russia-awesome-ember/index.html (+7ms) 
02:16:16   ├─ /v2026-08-23/en/front-end-development/enaqx-awesome-react/index.html (+3ms) 
02:16:16   ├─ /v2026-08-23/ja/front-end-development/enaqx-awesome-react/index.html (+4ms) 
02:16:16   ├─ /v2026-08-23/en/front-end-development/expede-awesome-relay/index.html (+3ms) 
02:16:16   ├─ /v2026-08-23/ja/front-end-development/expede-awesome-relay/index.html (+3ms) 
02:16:16   ├─ /v2026-08-23/en/front-end-development/Famolus-awesome-sass/index.html (+3ms) 
02:16:16   ├─ /v2026-08-23/ja/front-end-development/Famolus-awesome-sass/index.html (+6ms) 
02:16:16   ├─ /v2026-08-23/en/front-end-development/fliptheweb-motion-ui-design/index.html (+4ms) 
02:16:16   ├─ /v2026-08-23/ja/front-end-development/fliptheweb-motion-ui-design/index.html (+4ms) 
02:16:16   ├─ /v2026-08-23/en/front-end-development/glauberfc-awesome-react-hooks/index.html (+3ms) 
02:16:16   ├─ /v2026-08-23/ja/front-end-development/glauberfc-awesome-react-hooks/index.html (+4ms) 
02:16:16   ├─ /v2026-08-23/en/front-end-development/Granze-awesome-polymer/index.html (+3ms) 
02:16:16   ├─ /v2026-08-23/ja/front-end-development/Granze-awesome-polymer/index.html (+3ms) 
02:16:16   ├─ /v2026-08-23/en/front-end-development/henrikwirth-awesome-wordpress-gatsby/index.html (+3ms) 
02:16:16   ├─ /v2026-08-23/ja/front-end-development/henrikwirth-awesome-wordpress-gatsby/index.html (+3ms) 
02:16:16   ├─ /v2026-08-23/en/front-end-development/idematos-awesome-webassembly/index.html (+3ms) 
02:16:16   ├─ /v2026-08-23/ja/front-end-development/idematos-awesome-webassembly/index.html (+3ms) 
02:16:16   ├─ /v2026-08-23/en/front-end-development/innocenzi-awesome-inertiajs/index.html (+4ms) 
02:16:16   ├─ /v2026-08-23/ja/front-end-development/innocenzi-awesome-inertiajs/index.html (+3ms) 
02:16:16   ├─ /v2026-08-23/en/front-end-development/jbmoelker-progressive-enhancement-resources/index.html (+3ms) 
02:16:16   ├─ /v2026-08-23/ja/front-end-development/jbmoelker-progressive-enhancement-resources/index.html (+3ms) 
02:16:16   ├─ /v2026-08-23/en/front-end-development/jdrgomes-awesome-postcss/index.html (+3ms) 
02:16:16   ├─ /v2026-08-23/ja/front-end-development/jdrgomes-awesome-postcss/index.html (+3ms) 
02:16:16   ├─ /v2026-08-23/en/front-end-development/jetli-awesome-yew/index.html (+3ms) 
02:16:16   ├─ /v2026-08-23/ja/front-end-development/jetli-awesome-yew/index.html (+4ms) 
02:16:16   ├─ /v2026-08-23/en/front-end-development/joewdavies-awesome-frontend-gis/index.html (+4ms) 
02:16:16   ├─ /v2026-08-23/ja/front-end-development/joewdavies-awesome-frontend-gis/index.html (+4ms) 
02:16:16   ├─ /v2026-08-23/en/front-end-development/jonathandion-awesome-emails/index.html (+3ms) 
02:16:16   ├─ /v2026-08-23/ja/front-end-development/jonathandion-awesome-emails/index.html (+4ms) 
02:16:16   ├─ /v2026-08-23/en/front-end-development/klaufel-awesome-design-systems/index.html (+3ms) 
02:16:16   ├─ /v2026-08-23/ja/front-end-development/klaufel-awesome-design-systems/index.html (+4ms) 
02:16:16   ├─ /v2026-08-23/en/front-end-development/lauthieb-awesome-storybook/index.html (+3ms) 
02:16:16   ├─ /v2026-08-23/ja/front-end-development/lauthieb-awesome-storybook/index.html (+3ms) 
02:16:16   ├─ /v2026-08-23/en/front-end-development/LucasBassetti-awesome-less/index.html (+3ms) 
02:16:16   ├─ /v2026-08-23/ja/front-end-development/LucasBassetti-awesome-less/index.html (+6ms) 
02:16:16   ├─ /v2026-08-23/en/front-end-development/lvwzhen-tools/index.html (+4ms) 
02:16:16   ├─ /v2026-08-23/ja/front-end-development/lvwzhen-tools/index.html (+4ms) 
02:16:16   ├─ /v2026-08-23/en/front-end-development/master-co-awesome-master-css/index.html (+3ms) 
02:16:16   ├─ /v2026-08-23/ja/front-end-development/master-co-awesome-master-css/index.html (+3ms) 
02:16:16   ├─ /v2026-08-23/en/front-end-development/mdbootstrap-awesome-mdbootstrap/index.html (+3ms) 
02:16:16   ├─ /v2026-08-23/ja/front-end-development/mdbootstrap-awesome-mdbootstrap/index.html (+3ms) 
02:16:16   ├─ /v2026-08-23/en/front-end-development/mikbry-awesome-webgpu/index.html (+4ms) 
02:16:16   ├─ /v2026-08-23/ja/front-end-development/mikbry-awesome-webgpu/index.html (+4ms) 
02:16:16   ├─ /v2026-08-23/en/front-end-development/myshov-awesome-mobile-web-development/index.html (+3ms) 
02:16:16   ├─ /v2026-08-23/ja/front-end-development/myshov-awesome-mobile-web-development/index.html (+4ms) 
02:16:16   ├─ /v2026-08-23/en/front-end-development/nadunindunil-awesome-material-ui/index.html (+3ms) 
02:16:16   ├─ /v2026-08-23/ja/front-end-development/nadunindunil-awesome-material-ui/index.html (+3ms) 
02:16:16   ├─ /v2026-08-23/en/front-end-development/nikgraf-awesome-draft-js/index.html (+3ms) 
02:16:16   ├─ /v2026-08-23/ja/front-end-development/nikgraf-awesome-draft-js/index.html (+3ms) 
02:16:16   ├─ /v2026-08-23/en/front-end-development/NoahBuscher-Inspire/index.html (+3ms) 
02:16:16   ├─ /v2026-08-23/ja/front-end-development/NoahBuscher-Inspire/index.html (+3ms) 
02:16:16   ├─ /v2026-08-23/en/front-end-development/notthetup-awesome-webaudio/index.html (+3ms) 
02:16:16   ├─ /v2026-08-23/ja/front-end-development/notthetup-awesome-webaudio/index.html (+4ms) 
02:16:16   ├─ /v2026-08-23/en/front-end-development/pajaydev-awesome-web-performance-budget/index.html (+3ms) 
02:16:16   ├─ /v2026-08-23/ja/front-end-development/pajaydev-awesome-web-performance-budget/index.html (+3ms) 
02:16:16   ├─ /v2026-08-23/en/front-end-development/PatrickJS-awesome-angular/index.html (+9ms) 
02:16:16   ├─ /v2026-08-23/ja/front-end-development/PatrickJS-awesome-angular/index.html (+10ms) 
02:16:16   ├─ /v2026-08-23/en/front-end-development/pazguille-offline-first/index.html (+4ms) 
02:16:16   ├─ /v2026-08-23/ja/front-end-development/pazguille-offline-first/index.html (+4ms) 
02:16:16   ├─ /v2026-08-23/en/front-end-development/petk-awesome-dojo/index.html (+3ms) 
02:16:16   ├─ /v2026-08-23/ja/front-end-development/petk-awesome-dojo/index.html (+4ms) 
02:16:16   ├─ /v2026-08-23/en/front-end-development/petk-awesome-jquery/index.html (+6ms) 
02:16:17   ├─ /v2026-08-23/ja/front-end-development/petk-awesome-jquery/index.html (+4ms) 
02:16:17   ├─ /v2026-08-23/en/front-end-development/preactjs-awesome-preact/index.html (+4ms) 
02:16:17   ├─ /v2026-08-23/ja/front-end-development/preactjs-awesome-preact/index.html (+4ms) 
02:16:17   ├─ /v2026-08-23/en/front-end-development/raphamorim-awesome-canvas/index.html (+4ms) 
02:16:17   ├─ /v2026-08-23/ja/front-end-development/raphamorim-awesome-canvas/index.html (+4ms) 
02:16:17   ├─ /v2026-08-23/en/front-end-development/sachin1092-awesome-material/index.html (+3ms) 
02:16:17   ├─ /v2026-08-23/ja/front-end-development/sachin1092-awesome-material/index.html (+3ms) 
02:16:17   ├─ /v2026-08-23/en/front-end-development/sadcitizen-awesome-backbone/index.html (+3ms) 
02:16:17   ├─ /v2026-08-23/ja/front-end-development/sadcitizen-awesome-backbone/index.html (+4ms) 
02:16:17   ├─ /v2026-08-23/en/front-end-development/sadcitizen-awesome-marionette/index.html (+3ms) 
02:16:17   ├─ /v2026-08-23/ja/front-end-development/sadcitizen-awesome-marionette/index.html (+3ms) 
02:16:17   ├─ /v2026-08-23/en/front-end-development/seed-rs-awesome-seed-rs/index.html (+3ms) 
02:16:17   ├─ /v2026-08-23/ja/front-end-development/seed-rs-awesome-seed-rs/index.html (+3ms) 
02:16:17   ├─ /v2026-08-23/en/front-end-development/sergey-pimenov-awesome-web-animation/index.html (+3ms) 
02:16:17   ├─ /v2026-08-23/ja/front-end-development/sergey-pimenov-awesome-web-animation/index.html (+4ms) 
02:16:17   ├─ /v2026-08-23/en/front-end-development/shopify-awesome-hydrogen/index.html (+3ms) 
02:16:17   ├─ /v2026-08-23/ja/front-end-development/shopify-awesome-hydrogen/index.html (+3ms) 
02:16:17   ├─ /v2026-08-23/en/front-end-development/sjfricke-awesome-webgl/index.html (+4ms) 
02:16:17   ├─ /v2026-08-23/ja/front-end-development/sjfricke-awesome-webgl/index.html (+4ms) 
02:16:17   ├─ /v2026-08-23/en/front-end-development/sturobson-BEM-resources/index.html (+3ms) 
02:16:17   ├─ /v2026-08-23/ja/front-end-development/sturobson-BEM-resources/index.html (+4ms) 
02:16:17   ├─ /v2026-08-23/en/front-end-development/TalAter-awesome-progressive-web-apps/index.html (+4ms) 
02:16:17   ├─ /v2026-08-23/ja/front-end-development/TalAter-awesome-progressive-web-apps/index.html (+3ms) 
02:16:17   ├─ /v2026-08-23/en/front-end-development/TalAter-awesome-service-workers/index.html (+3ms) 
02:16:17   ├─ /v2026-08-23/ja/front-end-development/TalAter-awesome-service-workers/index.html (+3ms) 
02:16:17   ├─ /v2026-08-23/en/front-end-development/TheComputerM-awesome-svelte/index.html (+4ms) 
02:16:17   ├─ /v2026-08-23/ja/front-end-development/TheComputerM-awesome-svelte/index.html (+7ms) 
02:16:17   ├─ /v2026-08-23/en/front-end-development/thoughtspile-awesome-tiny-js/index.html (+4ms) 
02:16:17   ├─ /v2026-08-23/ja/front-end-development/thoughtspile-awesome-tiny-js/index.html (+4ms) 
02:16:17   ├─ /v2026-08-23/en/front-end-development/troxler-awesome-css-frameworks/index.html (+4ms) 
02:16:17   ├─ /v2026-08-23/ja/front-end-development/troxler-awesome-css-frameworks/index.html (+4ms) 
02:16:17   ├─ /v2026-08-23/en/front-end-development/unicodeveloper-awesome-nextjs/index.html (+4ms) 
02:16:17   ├─ /v2026-08-23/ja/front-end-development/unicodeveloper-awesome-nextjs/index.html (+4ms) 
02:16:17   ├─ /v2026-08-23/en/front-end-development/Urigo-awesome-meteor/index.html (+3ms) 
02:16:17   ├─ /v2026-08-23/ja/front-end-development/Urigo-awesome-meteor/index.html (+4ms) 
02:16:17   ├─ /v2026-08-23/en/front-end-development/vuejs-awesome-vue/index.html (+6ms) 
02:16:17   ├─ /v2026-08-23/ja/front-end-development/vuejs-awesome-vue/index.html (+6ms) 
02:16:17   ├─ /v2026-08-23/en/front-end-development/wasabeef-awesome-android-ui/index.html (+5ms) 
02:16:17   ├─ /v2026-08-23/ja/front-end-development/wasabeef-awesome-android-ui/index.html (+4ms) 
02:16:17   ├─ /v2026-08-23/en/front-end-development/wbkd-awesome-d3/index.html (+3ms) 
02:16:17   ├─ /v2026-08-23/ja/front-end-development/wbkd-awesome-d3/index.html (+3ms) 
02:16:17   ├─ /v2026-08-23/en/front-end-development/web-padawan-awesome-lit/index.html (+4ms) 
02:16:17   ├─ /v2026-08-23/ja/front-end-development/web-padawan-awesome-lit/index.html (+4ms) 
02:16:17   ├─ /v2026-08-23/en/front-end-development/web-padawan-awesome-web-components/index.html (+5ms) 
02:16:17   ├─ /v2026-08-23/ja/front-end-development/web-padawan-awesome-web-components/index.html (+5ms) 
02:16:17   ├─ /v2026-08-23/en/front-end-development/websemantics-awesome-ant-design/index.html (+4ms) 
02:16:17   ├─ /v2026-08-23/ja/front-end-development/websemantics-awesome-ant-design/index.html (+4ms) 
02:16:17   ├─ /v2026-08-23/en/front-end-development/willianjusten-awesome-svg/index.html (+3ms) 
02:16:17   ├─ /v2026-08-23/ja/front-end-development/willianjusten-awesome-svg/index.html (+3ms) 
02:16:17   ├─ /v2026-08-23/en/front-end-development/zingchart-awesome-charting/index.html (+3ms) 
02:16:17   ├─ /v2026-08-23/ja/front-end-development/zingchart-awesome-charting/index.html (+3ms) 
02:16:17   ├─ /v2026-08-23/en/back-end-development/chiraggude-awesome-laravel/index.html (+4ms) 
02:16:17   ├─ /v2026-08-23/ja/back-end-development/chiraggude-awesome-laravel/index.html (+5ms) 
02:16:17   ├─ /v2026-08-23/en/back-end-development/DevOpsHiveHQ-awesome-kustomize/index.html (+5ms) 
02:16:17   ├─ /v2026-08-23/ja/back-end-development/DevOpsHiveHQ-awesome-kustomize/index.html (+4ms) 
02:16:17   ├─ /v2026-08-23/en/back-end-development/fcambus-nginx-resources/index.html (+3ms) 
02:16:17   ├─ /v2026-08-23/ja/back-end-development/fcambus-nginx-resources/index.html (+3ms) 
02:16:17   ├─ /v2026-08-23/en/back-end-development/friendsofcake-awesome-cakephp/index.html (+3ms) 
02:16:17   ├─ /v2026-08-23/ja/back-end-development/friendsofcake-awesome-cakephp/index.html (+3ms) 
02:16:17   ├─ /v2026-08-23/en/back-end-development/fukuball-Awesome-Laravel-Education/index.html (+3ms) 
02:16:17   ├─ /v2026-08-23/ja/back-end-development/fukuball-Awesome-Laravel-Education/index.html (+3ms) 
02:16:17   ├─ /v2026-08-23/en/back-end-development/gofiber-awesome-fiber/index.html (+4ms) 
02:16:17   ├─ /v2026-08-23/ja/back-end-development/gofiber-awesome-fiber/index.html (+3ms) 
02:16:17   ├─ /v2026-08-23/en/back-end-development/gramantin-awesome-rails/index.html (+4ms) 
02:16:17   ├─ /v2026-08-23/ja/back-end-development/gramantin-awesome-rails/index.html (+5ms) 
02:16:17   ├─ /v2026-08-23/en/back-end-development/hothero-awesome-rails-gem/index.html (+3ms) 
02:16:17   ├─ /v2026-08-23/ja/back-end-development/hothero-awesome-rails-gem/index.html (+3ms) 
02:16:17   ├─ /v2026-08-23/en/back-end-development/iJackUA-awesome-vagrant/index.html (+3ms) 
02:16:17   ├─ /v2026-08-23/ja/back-end-development/iJackUA-awesome-vagrant/index.html (+3ms) 
02:16:17   ├─ /v2026-08-23/en/back-end-development/kdeldycke-awesome-iam/index.html (+4ms) 
02:16:17   ├─ /v2026-08-23/ja/back-end-development/kdeldycke-awesome-iam/index.html (+4ms) 
02:16:17   ├─ /v2026-08-23/en/back-end-development/kolomied-awesome-cdk/index.html (+3ms) 
02:16:17   ├─ /v2026-08-23/ja/back-end-development/kolomied-awesome-cdk/index.html (+3ms) 
02:16:17   ├─ /v2026-08-23/en/back-end-development/mjhea0-awesome-fastapi/index.html (+4ms) 
02:16:17   ├─ /v2026-08-23/ja/back-end-development/mjhea0-awesome-fastapi/index.html (+4ms) 
02:16:17   ├─ /v2026-08-23/en/back-end-development/mjhea0-awesome-flask/index.html (+3ms) 
02:16:17   ├─ /v2026-08-23/ja/back-end-development/mjhea0-awesome-flask/index.html (+4ms) 
02:16:17   ├─ /v2026-08-23/en/back-end-development/nekofar-awesome-slim/index.html (+3ms) 
02:16:17   ├─ /v2026-08-23/ja/back-end-development/nekofar-awesome-slim/index.html (+3ms) 
02:16:17   ├─ /v2026-08-23/en/back-end-development/pehapkari-awesome-symfony-education/index.html (+3ms) 
02:16:17   ├─ /v2026-08-23/ja/back-end-development/pehapkari-awesome-symfony-education/index.html (+3ms) 
02:16:17   ├─ /v2026-08-23/en/back-end-development/PerfectCarl-awesome-play1/index.html (+3ms) 
02:16:17   ├─ /v2026-08-23/ja/back-end-development/PerfectCarl-awesome-play1/index.html (+5ms) 
02:16:17   ├─ /v2026-08-23/en/back-end-development/phalcon-awesome-phalcon/index.html (+4ms) 
02:16:17   ├─ /v2026-08-23/ja/back-end-development/phalcon-awesome-phalcon/index.html (+4ms) 
02:16:17   ├─ /v2026-08-23/en/back-end-development/phanan-htaccess/index.html (+4ms) 
02:16:17   ├─ /v2026-08-23/ja/back-end-development/phanan-htaccess/index.html (+4ms) 
02:16:17   ├─ /v2026-08-23/en/back-end-development/PhantomYdn-awesome-wicket/index.html (+3ms) 
02:16:17   ├─ /v2026-08-23/ja/back-end-development/PhantomYdn-awesome-wicket/index.html (+3ms) 
02:16:17   ├─ /v2026-08-23/en/back-end-development/pmuens-awesome-serverless/index.html (+3ms) 
02:16:17   ├─ /v2026-08-23/ja/back-end-development/pmuens-awesome-serverless/index.html (+3ms) 
02:16:17   ├─ /v2026-08-23/en/back-end-development/ramitsurana-awesome-kubernetes/index.html (+3ms) 
02:16:17   ├─ /v2026-08-23/ja/back-end-development/ramitsurana-awesome-kubernetes/index.html (+3ms) 
02:16:17   ├─ /v2026-08-23/en/back-end-development/reflex-dev-awesome-reflex/index.html (+3ms) 
02:16:17   ├─ /v2026-08-23/ja/back-end-development/reflex-dev-awesome-reflex/index.html (+3ms) 
02:16:17   ├─ /v2026-08-23/en/back-end-development/shuaibiyy-awesome-terraform/index.html (+4ms) 
02:16:17   ├─ /v2026-08-23/ja/back-end-development/shuaibiyy-awesome-terraform/index.html (+4ms) 
02:16:17   ├─ /v2026-08-23/en/back-end-development/sitepoint-editors-awesome-symfony/index.html (+3ms) 
02:16:17   ├─ /v2026-08-23/ja/back-end-development/sitepoint-editors-awesome-symfony/index.html (+3ms) 
02:16:17   ├─ /v2026-08-23/en/back-end-development/stve-awesome-dropwizard/index.html (+3ms) 
02:16:17   ├─ /v2026-08-23/ja/back-end-development/stve-awesome-dropwizard/index.html (+3ms) 
02:16:17   ├─ /v2026-08-23/en/back-end-development/ucg8j-awesome-dash/index.html (+3ms) 
02:16:17   ├─ /v2026-08-23/ja/back-end-development/ucg8j-awesome-dash/index.html (+3ms) 
02:16:17   ├─ /v2026-08-23/en/back-end-development/unicodeveloper-awesome-lumen/index.html (+3ms) 
02:16:17   ├─ /v2026-08-23/ja/back-end-development/unicodeveloper-awesome-lumen/index.html (+3ms) 
02:16:17   ├─ /v2026-08-23/en/back-end-development/uralbash-awesome-pyramid/index.html (+3ms) 
02:16:17   ├─ /v2026-08-23/ja/back-end-development/uralbash-awesome-pyramid/index.html (+3ms) 
02:16:17   ├─ /v2026-08-23/en/back-end-development/vapor-community-awesome-vapor/index.html (+3ms) 
02:16:17   ├─ /v2026-08-23/ja/back-end-development/vapor-community-awesome-vapor/index.html (+3ms) 
02:16:17   ├─ /v2026-08-23/en/back-end-development/veggiemonk-awesome-docker/index.html (+5ms) 
02:16:17   ├─ /v2026-08-23/ja/back-end-development/veggiemonk-awesome-docker/index.html (+8ms) 
02:16:17   ├─ /v2026-08-23/en/back-end-development/vert-x3-vertx-awesome/index.html (+4ms) 
02:16:17   ├─ /v2026-08-23/ja/back-end-development/vert-x3-vertx-awesome/index.html (+5ms) 
02:16:17   ├─ /v2026-08-23/en/back-end-development/virtualroot-awesome-opentofu/index.html (+3ms) 
02:16:17   ├─ /v2026-08-23/ja/back-end-development/virtualroot-awesome-opentofu/index.html (+3ms) 
02:16:17   ├─ /v2026-08-23/en/content-management-systems/collective-awesome-plone/index.html (+3ms) 
02:16:17   ├─ /v2026-08-23/ja/content-management-systems/collective-awesome-plone/index.html (+3ms) 
02:16:17   ├─ /v2026-08-23/en/content-management-systems/craftcms-awesome/index.html (+4ms) 
02:16:17   ├─ /v2026-08-23/ja/content-management-systems/craftcms-awesome/index.html (+4ms) 
02:16:17   ├─ /v2026-08-23/en/content-management-systems/DanailMinchev-awesome-payload/index.html (+3ms) 
02:16:17   ├─ /v2026-08-23/ja/content-management-systems/DanailMinchev-awesome-payload/index.html (+3ms) 
02:16:17   ├─ /v2026-08-23/en/content-management-systems/directus-community-awesome-directus/index.html (+3ms) 
02:16:17   ├─ /v2026-08-23/ja/content-management-systems/directus-community-awesome-directus/index.html (+3ms) 
02:16:17   ├─ /v2026-08-23/en/content-management-systems/drmonkeyninja-awesome-textpattern/index.html (+3ms) 
02:16:17   ├─ /v2026-08-23/ja/content-management-systems/drmonkeyninja-awesome-textpattern/index.html (+3ms) 
02:16:17   ├─ /v2026-08-23/en/content-management-systems/MartinMiles-Awesome-Sitecore/index.html (+4ms) 
02:16:17   ├─ /v2026-08-23/ja/content-management-systems/MartinMiles-Awesome-Sitecore/index.html (+4ms) 
02:16:17   ├─ /v2026-08-23/en/content-management-systems/nirgn975-awesome-drupal/index.html (+3ms) 
02:16:17   ├─ /v2026-08-23/ja/content-management-systems/nirgn975-awesome-drupal/index.html (+4ms) 
02:16:17   ├─ /v2026-08-23/en/content-management-systems/refinerycms-contrib-awesome-refinerycms/index.html (+3ms) 
02:16:17   ├─ /v2026-08-23/ja/content-management-systems/refinerycms-contrib-awesome-refinerycms/index.html (+3ms) 
02:16:17   ├─ /v2026-08-23/en/content-management-systems/springload-awesome-wagtail/index.html (+4ms) 
02:16:17   ├─ /v2026-08-23/ja/content-management-systems/springload-awesome-wagtail/index.html (+4ms) 
02:16:17   ├─ /v2026-08-23/en/content-management-systems/umbraco-community-awesome-umbraco/index.html (+3ms) 
02:16:17   ├─ /v2026-08-23/ja/content-management-systems/umbraco-community-awesome-umbraco/index.html (+3ms) 
02:16:17   ├─ /v2026-08-23/en/content-management-systems/wernerkrauss-awesome-silverstripe-cms/index.html (+3ms) 
02:16:17   ├─ /v2026-08-23/ja/content-management-systems/wernerkrauss-awesome-silverstripe-cms/index.html (+3ms) 
02:16:17   ├─ /v2026-08-23/en/testing/aliesbelik-awesome-gatling/index.html (+3ms) 
02:16:17   ├─ /v2026-08-23/ja/testing/aliesbelik-awesome-gatling/index.html (+7ms) 
02:16:17   ├─ /v2026-08-23/en/testing/aliesbelik-awesome-jmeter/index.html (+5ms) 
02:16:17   ├─ /v2026-08-23/ja/testing/aliesbelik-awesome-jmeter/index.html (+5ms) 
02:16:17   ├─ /v2026-08-23/en/testing/christian-bromann-awesome-selenium/index.html (+3ms) 
02:16:17   ├─ /v2026-08-23/ja/testing/christian-bromann-awesome-selenium/index.html (+3ms) 
02:16:17   ├─ /v2026-08-23/en/testing/coderabbitai-awesome-coderabbit/index.html (+3ms) 
02:16:17   ├─ /v2026-08-23/ja/testing/coderabbitai-awesome-coderabbit/index.html (+3ms) 
02:16:17   ├─ /v2026-08-23/en/testing/fityanos-awesome-quality-assurance-roadmap/index.html (+3ms) 
02:16:17   ├─ /v2026-08-23/ja/testing/fityanos-awesome-quality-assurance-roadmap/index.html (+3ms) 
02:16:17   ├─ /v2026-08-23/en/testing/grafana-awesome-k6/index.html (+4ms) 
02:16:17   ├─ /v2026-08-23/ja/testing/grafana-awesome-k6/index.html (+3ms) 
02:16:17   ├─ /v2026-08-23/en/testing/mojoaxel-awesome-regression-testing/index.html (+4ms) 
02:16:17   ├─ /v2026-08-23/ja/testing/mojoaxel-awesome-regression-testing/index.html (+4ms) 
02:16:17   ├─ /v2026-08-23/en/testing/mxschmitt-awesome-playwright/index.html (+3ms) 
02:16:17   ├─ /v2026-08-23/ja/testing/mxschmitt-awesome-playwright/index.html (+3ms) 
02:16:17   ├─ /v2026-08-23/en/testing/sindresorhus-awesome-tap/index.html (+3ms) 
02:16:17   ├─ /v2026-08-23/ja/testing/sindresorhus-awesome-tap/index.html (+3ms) 
02:16:17   ├─ /v2026-08-23/en/testing/SrinivasanTarget-awesome-appium/index.html (+4ms) 
02:16:17   ├─ /v2026-08-23/ja/testing/SrinivasanTarget-awesome-appium/index.html (+4ms) 
02:16:17   ├─ /v2026-08-23/en/testing/TheJambo-awesome-testing/index.html (+4ms) 
02:16:17   └─ /v2026-08-23/ja/testing/TheJambo-awesome-testing/index.html (+4ms) 
02:16:17 ✓ Completed in 2.13s.

02:16:18 [build] 432 page(s) built in 18.96s
02:16:18 [build] Complete!
【情報】awesome/languages: 再生成します (検証済み成果物目録がありません。再ビルドしてください: awesome/languages)
【情報】awesome/languages をビルドしています...

> apps-awesome-languages@0.0.1 prebuild /private/tmp/libx-fmt-import-20261002/apps/awesome/languages
> node prepare.mjs


> apps-awesome-languages@0.0.1 build /private/tmp/libx-fmt-import-20261002/apps/awesome/languages
> astro build

2:16:20 AM [vite] (ssr) warning: 
/private/tmp/libx-fmt-import-20261002/apps/awesome/languages/astro.config.mjs
10 |  const repositoryRoot = findRepositoryRoot(__dirname);
11 |  const { remarkAwesomeInternalLinks } = await import(
12 |    pathToFileURL(path.join(repositoryRoot, 'scripts/plugins/remark-awesome-internal-links.js')).href
   |    ^^^^^^^^^^^^^^^^^^^^^^^^^^^^^^^^^^^^^^^^^^^^^^^^^^^^^^^^^^^^^^^^^^^^^^^^^^^^^^^^^^^^^^^^^^^^^^^^^
13 |  );
14 |  const { readAwesomeRouteManifest } = await import(
The above dynamic import cannot be analyzed by Vite.
See https://github.com/rollup/plugins/tree/master/packages/dynamic-import-vars#limitations for supported dynamic import formats. If this is intended to be left as-is, you can use the /* @vite-ignore */ comment inside the import() call to suppress this warning.

  Plugin: vite:import-analysis
  File: /private/tmp/libx-fmt-import-20261002/apps/awesome/languages/astro.config.mjs
2:16:20 AM [vite] (ssr) warning: 
/private/tmp/libx-fmt-import-20261002/apps/awesome/languages/astro.config.mjs
13 |  );
14 |  const { readAwesomeRouteManifest } = await import(
15 |    pathToFileURL(path.join(repositoryRoot, 'scripts/importers/awesome/app-ownership.mjs')).href
   |    ^^^^^^^^^^^^^^^^^^^^^^^^^^^^^^^^^^^^^^^^^^^^^^^^^^^^^^^^^^^^^^^^^^^^^^^^^^^^^^^^^^^^^^^^^^^^
16 |  );
17 |  const localizedRouteManifest = readAwesomeRouteManifest({ root: repositoryRoot });
The above dynamic import cannot be analyzed by Vite.
See https://github.com/rollup/plugins/tree/master/packages/dynamic-import-vars#limitations for supported dynamic import formats. If this is intended to be left as-is, you can use the /* @vite-ignore */ comment inside the import() call to suppress this warning.

  Plugin: vite:import-analysis
  File: /private/tmp/libx-fmt-import-20261002/apps/awesome/languages/astro.config.mjs
02:16:20 [content] Syncing content
02:16:20 [content] Synced content
02:16:20 [types] Generated 98ms
02:16:20 [build] output: "static"
02:16:20 [build] mode: "static"
02:16:20 [build] directory: /private/tmp/libx-fmt-import-20261002/apps/awesome/languages/dist/
02:16:20 [build] Collecting build info...
02:16:20 [build] ✓ Completed in 111ms.
02:16:20 [build] Building static entrypoints...
[Shiki] The language "tmux" doesn't exist, falling back to "plaintext".
[Shiki] The language "tmux" doesn't exist, falling back to "plaintext".
02:16:43 [vite] ✓ built in 22.96s
02:16:43 [build] ✓ Completed in 22.98s.

 building client (vite) 
02:16:43 [vite] transforming...
02:16:43 [vite] ✓ 13 modules transformed.
02:16:43 [vite] rendering chunks...
02:16:43 [vite] computing gzip size...
02:16:43 [vite] dist/assets/languages/MainLayout.astro_astro_type_script_index_0_lang.BufUD1wh.js        0.16 kB │ gzip: 0.15 kB
02:16:43 [vite] dist/assets/languages/Banner.astro_astro_type_script_index_0_lang.JXV-v118.js            0.32 kB │ gzip: 0.24 kB
02:16:43 [vite] dist/assets/languages/ThemeToggle.astro_astro_type_script_index_0_lang.BDHHZQnD.js       0.69 kB │ gzip: 0.36 kB
02:16:43 [vite] dist/assets/languages/VersionDiff.astro_astro_type_script_index_0_lang.DQPfIGNm.js       0.69 kB │ gzip: 0.47 kB
02:16:43 [vite] dist/assets/languages/SidebarPersister.astro_astro_type_script_index_0_lang.1HBmR04Y.js  0.79 kB │ gzip: 0.46 kB
02:16:43 [vite] dist/assets/languages/Sidebar.astro_astro_type_script_index_0_lang.Dr4m1BH4.js           0.90 kB │ gzip: 0.38 kB
02:16:43 [vite] dist/assets/languages/Navigation.astro_astro_type_script_index_0_lang.BxRkvq3w.js        0.97 kB │ gzip: 0.44 kB
02:16:43 [vite] dist/assets/languages/TableOfContents.astro_astro_type_script_index_0_lang.ClgIWJ3a.js   1.05 kB │ gzip: 0.54 kB
02:16:43 [vite] dist/assets/languages/Search.astro_astro_type_script_index_0_lang.BValThxB.js            1.71 kB │ gzip: 0.92 kB
02:16:43 [vite] dist/assets/languages/search-client.8T0gqxS2.js                                          1.97 kB │ gzip: 1.02 kB
02:16:43 [vite] dist/assets/languages/GroupSidebar.astro_astro_type_script_index_0_lang.CHMaUHWQ.js      2.33 kB │ gzip: 1.05 kB
02:16:43 [vite] ✓ built in 33ms

 generating static routes 
02:16:43 ▶ src/pages/[version]/[lang]/[...slug].astro
02:16:43   ├─ /v2026-08-20/en/programming-languages/angrykoala-awesome-esolangs/index.html (+557ms) 
02:16:44   ├─ /v2026-08-20/ja/programming-languages/angrykoala-awesome-esolangs/index.html (+7ms) 
02:16:44   ├─ /v2026-08-20/en/programming-languages/avajs-awesome-ava/index.html (+5ms) 
02:16:44   ├─ /v2026-08-20/ja/programming-languages/avajs-awesome-ava/index.html (+5ms) 
02:16:44   ├─ /v2026-08-20/en/programming-languages/avelino-awesome-go/index.html (+12ms) 
02:16:44   ├─ /v2026-08-20/ja/programming-languages/avelino-awesome-go/index.html (+40ms) 
02:16:44   ├─ /v2026-08-20/en/programming-languages/bolshchikov-js-must-watch/index.html (+5ms) 
02:16:44   ├─ /v2026-08-20/ja/programming-languages/bolshchikov-js-must-watch/index.html (+5ms) 
02:16:44   ├─ /v2026-08-20/en/programming-languages/coq-community-awesome-coq/index.html (+5ms) 
02:16:44   ├─ /v2026-08-20/ja/programming-languages/coq-community-awesome-coq/index.html (+5ms) 
02:16:44   ├─ /v2026-08-20/en/programming-languages/desiderantes-awesome-vala/index.html (+5ms) 
02:16:44   ├─ /v2026-08-20/ja/programming-languages/desiderantes-awesome-vala/index.html (+5ms) 
02:16:44   ├─ /v2026-08-20/en/programming-languages/dustinspecker-awesome-eslint/index.html (+5ms) 
02:16:44   ├─ /v2026-08-20/ja/programming-languages/dustinspecker-awesome-eslint/index.html (+5ms) 
02:16:44   ├─ /v2026-08-20/en/programming-languages/fffaraz-awesome-cpp/index.html (+8ms) 
02:16:44   ├─ /v2026-08-20/ja/programming-languages/fffaraz-awesome-cpp/index.html (+8ms) 
02:16:44   ├─ /v2026-08-20/en/programming-languages/Fr0sT-Brutal-awesome-pascal/index.html (+7ms) 
02:16:44   ├─ /v2026-08-20/ja/programming-languages/Fr0sT-Brutal-awesome-pascal/index.html (+7ms) 
02:16:44   ├─ /v2026-08-20/en/programming-languages/h4cc-awesome-elixir/index.html (+8ms) 
02:16:44   ├─ /v2026-08-20/ja/programming-languages/h4cc-awesome-elixir/index.html (+8ms) 
02:16:44   ├─ /v2026-08-20/en/programming-languages/hachiojipm-awesome-perl/index.html (+5ms) 
02:16:44   ├─ /v2026-08-20/ja/programming-languages/hachiojipm-awesome-perl/index.html (+5ms) 
02:16:44   ├─ /v2026-08-20/en/programming-languages/hantuzun-awesome-clojurescript/index.html (+5ms) 
02:16:44   ├─ /v2026-08-20/ja/programming-languages/hantuzun-awesome-clojurescript/index.html (+4ms) 
02:16:44   ├─ /v2026-08-20/en/programming-languages/hsavit1-Awesome-Swift-Education/index.html (+4ms) 
02:16:44   ├─ /v2026-08-20/ja/programming-languages/hsavit1-Awesome-Swift-Education/index.html (+4ms) 
02:16:44   ├─ /v2026-08-20/en/programming-languages/hstsethi-awesome-j2me/index.html (+4ms) 
02:16:44   ├─ /v2026-08-20/ja/programming-languages/hstsethi-awesome-j2me/index.html (+4ms) 
02:16:44   ├─ /v2026-08-20/en/programming-languages/iamericfletcher-awesome-r-learning-resources/index.html (+4ms) 
02:16:44   ├─ /v2026-08-20/ja/programming-languages/iamericfletcher-awesome-r-learning-resources/index.html (+4ms) 
02:16:44   ├─ /v2026-08-20/en/programming-languages/jakoch-awesome-composer/index.html (+4ms) 
02:16:44   ├─ /v2026-08-20/ja/programming-languages/jakoch-awesome-composer/index.html (+4ms) 
02:16:44   ├─ /v2026-08-20/en/programming-languages/kdabir-awesome-groovy/index.html (+4ms) 
02:16:44   ├─ /v2026-08-20/ja/programming-languages/kdabir-awesome-groovy/index.html (+4ms) 
02:16:44   ├─ /v2026-08-20/en/programming-languages/Kikobeats-awesome-network-js/index.html (+6ms) 
02:16:44   ├─ /v2026-08-20/ja/programming-languages/Kikobeats-awesome-network-js/index.html (+4ms) 
02:16:44   ├─ /v2026-08-20/en/programming-languages/koolamusic-awesome-imba/index.html (+3ms) 
02:16:44   ├─ /v2026-08-20/ja/programming-languages/koolamusic-awesome-imba/index.html (+4ms) 
02:16:44   ├─ /v2026-08-20/en/programming-languages/matteocrippa-awesome-swift/index.html (+7ms) 
02:16:44   ├─ /v2026-08-20/ja/programming-languages/matteocrippa-awesome-swift/index.html (+7ms) 
02:16:44   ├─ /v2026-08-20/en/programming-languages/mcauser-awesome-micropython/index.html (+6ms) 
02:16:44   ├─ /v2026-08-20/ja/programming-languages/mcauser-awesome-micropython/index.html (+6ms) 
02:16:44   ├─ /v2026-08-20/en/programming-languages/ohenley-awesome-ada/index.html (+5ms) 
02:16:44   ├─ /v2026-08-20/ja/programming-languages/ohenley-awesome-ada/index.html (+5ms) 
02:16:44   ├─ /v2026-08-20/en/programming-languages/parro-it-awesome-micro-npm-packages/index.html (+4ms) 
02:16:44   ├─ /v2026-08-20/ja/programming-languages/parro-it-awesome-micro-npm-packages/index.html (+4ms) 
02:16:44   ├─ /v2026-08-20/en/programming-languages/pest-parser-awesome-pest/index.html (+4ms) 
02:16:44   ├─ /v2026-08-20/ja/programming-languages/pest-parser-awesome-pest/index.html (+4ms) 
02:16:44   ├─ /v2026-08-20/en/programming-languages/rabbiabram-awesome-fortran/index.html (+4ms) 
02:16:44   ├─ /v2026-08-20/ja/programming-languages/rabbiabram-awesome-fortran/index.html (+4ms) 
02:16:44   ├─ /v2026-08-20/en/programming-languages/Richienb-awesome-ponyfills/index.html (+3ms) 
02:16:44   ├─ /v2026-08-20/ja/programming-languages/Richienb-awesome-ponyfills/index.html (+4ms) 
02:16:44   ├─ /v2026-08-20/en/programming-languages/RyanZim-awesome-npm-scripts/index.html (+4ms) 
02:16:44   ├─ /v2026-08-20/ja/programming-languages/RyanZim-awesome-npm-scripts/index.html (+4ms) 
02:16:44   ├─ /v2026-08-20/en/programming-languages/sindresorhus-awesome-npm/index.html (+4ms) 
02:16:44   ├─ /v2026-08-20/ja/programming-languages/sindresorhus-awesome-npm/index.html (+5ms) 
02:16:44   ├─ /v2026-08-20/en/programming-languages/sindresorhus-awesome-observables/index.html (+4ms) 
02:16:44   ├─ /v2026-08-20/ja/programming-languages/sindresorhus-awesome-observables/index.html (+4ms) 
02:16:44   ├─ /v2026-08-20/en/programming-languages/veelenga-awesome-crystal/index.html (+5ms) 
02:16:44   ├─ /v2026-08-20/ja/programming-languages/veelenga-awesome-crystal/index.html (+6ms) 
02:16:44   ├─ /v2026-08-20/en/programming-languages/vlang-awesome-v/index.html (+9ms) 
02:16:44   ├─ /v2026-08-20/ja/programming-languages/vlang-awesome-v/index.html (+6ms) 
02:16:44   ├─ /v2026-08-20/en/programming-languages/wbinnssmith-awesome-promises/index.html (+4ms) 
02:16:44   ├─ /v2026-08-20/ja/programming-languages/wbinnssmith-awesome-promises/index.html (+4ms) 
02:16:44   ├─ /v2026-08-20/en/editors/rockerBOO-awesome-neovim/index.html (+11ms) 
02:16:44   ├─ /v2026-08-20/ja/editors/rockerBOO-awesome-neovim/index.html (+11ms) 
02:16:44   ├─ /v2026-08-20/en/editors/viatsko-awesome-vscode/index.html (+7ms) 
02:16:44   ├─ /v2026-08-20/ja/editors/viatsko-awesome-vscode/index.html (+6ms) 
02:16:44   ├─ /v2026-08-20/en/development-environment/alebcay-awesome-shell/index.html (+4ms) 
02:16:44   ├─ /v2026-08-20/ja/development-environment/alebcay-awesome-shell/index.html (+5ms) 
02:16:44   ├─ /v2026-08-20/en/development-environment/bnb-awesome-hyper/index.html (+5ms) 
02:16:44   ├─ /v2026-08-20/ja/development-environment/bnb-awesome-hyper/index.html (+5ms) 
02:16:44   ├─ /v2026-08-20/en/development-environment/compscilauren-awesome-git-hooks/index.html (+4ms) 
02:16:44   ├─ /v2026-08-20/ja/development-environment/compscilauren-awesome-git-hooks/index.html (+4ms) 
02:16:44   ├─ /v2026-08-20/en/development-environment/git-tips-tips/index.html (+8ms) 
02:16:44   ├─ /v2026-08-20/ja/development-environment/git-tips-tips/index.html (+8ms) 
02:16:44   ├─ /v2026-08-20/en/development-environment/jorgebucaran-awsm.fish/index.html (+4ms) 
02:16:44   ├─ /v2026-08-20/ja/development-environment/jorgebucaran-awsm.fish/index.html (+4ms) 
02:16:44   ├─ /v2026-08-20/en/development-environment/k4m4-terminals-are-sexy/index.html (+4ms) 
02:16:44   ├─ /v2026-08-20/ja/development-environment/k4m4-terminals-are-sexy/index.html (+4ms) 
02:16:44   ├─ /v2026-08-20/en/development-environment/michaelbrusegard-awesome-wezterm/index.html (+4ms) 
02:16:44   ├─ /v2026-08-20/ja/development-environment/michaelbrusegard-awesome-wezterm/index.html (+4ms) 
02:16:44   ├─ /v2026-08-20/en/development-environment/moul-awesome-ssh/index.html (+4ms) 
02:16:44   ├─ /v2026-08-20/ja/development-environment/moul-awesome-ssh/index.html (+4ms) 
02:16:44   ├─ /v2026-08-20/en/development-environment/phillipadsmith-awesome-github/index.html (+7ms) 
02:16:44   ├─ /v2026-08-20/ja/development-environment/phillipadsmith-awesome-github/index.html (+4ms) 
02:16:44   ├─ /v2026-08-20/en/development-environment/sdras-awesome-actions/index.html (+4ms) 
02:16:44   ├─ /v2026-08-20/ja/development-environment/sdras-awesome-actions/index.html (+5ms) 
02:16:44   ├─ /v2026-08-20/en/development-environment/tiimgreen-github-cheat-sheet/index.html (+5ms) 
02:16:44   ├─ /v2026-08-20/ja/development-environment/tiimgreen-github-cheat-sheet/index.html (+5ms) 
02:16:44   ├─ /v2026-08-23/en/programming-languages/30-seconds-30-seconds-of-code/index.html (+4ms) 
02:16:44   ├─ /v2026-08-23/ja/programming-languages/30-seconds-30-seconds-of-code/index.html (+4ms) 
02:16:44   ├─ /v2026-08-23/en/programming-languages/adafruit-awesome-circuitpython/index.html (+5ms) 
02:16:44   ├─ /v2026-08-23/ja/programming-languages/adafruit-awesome-circuitpython/index.html (+5ms) 
02:16:44   ├─ /v2026-08-23/en/programming-languages/ahkscript-awesome-AutoHotkey/index.html (+5ms) 
02:16:44   ├─ /v2026-08-23/ja/programming-languages/ahkscript-awesome-AutoHotkey/index.html (+5ms) 
02:16:44   ├─ /v2026-08-23/en/programming-languages/akullpp-awesome-java/index.html (+7ms) 
02:16:44   ├─ /v2026-08-23/ja/programming-languages/akullpp-awesome-java/index.html (+7ms) 
02:16:44   ├─ /v2026-08-23/en/programming-languages/angrykoala-awesome-esolangs/index.html (+4ms) 
02:16:44   ├─ /v2026-08-23/ja/programming-languages/angrykoala-awesome-esolangs/index.html (+4ms) 
02:16:44   ├─ /v2026-08-23/en/programming-languages/avajs-awesome-ava/index.html (+4ms) 
02:16:44   ├─ /v2026-08-23/ja/programming-languages/avajs-awesome-ava/index.html (+4ms) 
02:16:44   ├─ /v2026-08-23/en/programming-languages/avelino-awesome-go/index.html (+13ms) 
02:16:44   ├─ /v2026-08-23/ja/programming-languages/avelino-awesome-go/index.html (+12ms) 
02:16:44   ├─ /v2026-08-23/en/programming-languages/bolshchikov-js-must-watch/index.html (+4ms) 
02:16:44   ├─ /v2026-08-23/ja/programming-languages/bolshchikov-js-must-watch/index.html (+4ms) 
02:16:44   ├─ /v2026-08-23/en/programming-languages/CodyReichert-awesome-cl/index.html (+4ms) 
02:16:44   ├─ /v2026-08-23/ja/programming-languages/CodyReichert-awesome-cl/index.html (+4ms) 
02:16:44   ├─ /v2026-08-23/en/programming-languages/coq-community-awesome-coq/index.html (+5ms) 
02:16:44   ├─ /v2026-08-23/ja/programming-languages/coq-community-awesome-coq/index.html (+5ms) 
02:16:44   ├─ /v2026-08-23/en/programming-languages/desiderantes-awesome-vala/index.html (+7ms) 
02:16:44   ├─ /v2026-08-23/ja/programming-languages/desiderantes-awesome-vala/index.html (+5ms) 
02:16:44   ├─ /v2026-08-23/en/programming-languages/dlang-community-awesome-d/index.html (+4ms) 
02:16:44   ├─ /v2026-08-23/ja/programming-languages/dlang-community-awesome-d/index.html (+4ms) 
02:16:44   ├─ /v2026-08-23/en/programming-languages/drobakowski-awesome-erlang/index.html (+4ms) 
02:16:44   ├─ /v2026-08-23/ja/programming-languages/drobakowski-awesome-erlang/index.html (+4ms) 
02:16:44   ├─ /v2026-08-23/en/programming-languages/dustinspecker-awesome-eslint/index.html (+5ms) 
02:16:44   ├─ /v2026-08-23/ja/programming-languages/dustinspecker-awesome-eslint/index.html (+5ms) 
02:16:44   ├─ /v2026-08-23/en/programming-languages/ebraminio-awesome-qsharp/index.html (+4ms) 
02:16:44   ├─ /v2026-08-23/ja/programming-languages/ebraminio-awesome-qsharp/index.html (+4ms) 
02:16:44   ├─ /v2026-08-23/en/programming-languages/eleventigers-awesome-rxjava/index.html (+4ms) 
02:16:44   ├─ /v2026-08-23/ja/programming-languages/eleventigers-awesome-rxjava/index.html (+4ms) 
02:16:44   ├─ /v2026-08-23/en/programming-languages/faroit-awesome-python-scientific-audio/index.html (+4ms) 
02:16:44   ├─ /v2026-08-23/ja/programming-languages/faroit-awesome-python-scientific-audio/index.html (+5ms) 
02:16:44   ├─ /v2026-08-23/en/programming-languages/feross-awesome-mad-science/index.html (+4ms) 
02:16:44   ├─ /v2026-08-23/ja/programming-languages/feross-awesome-mad-science/index.html (+4ms) 
02:16:44   ├─ /v2026-08-23/en/programming-languages/fffaraz-awesome-cpp/index.html (+8ms) 
02:16:44   ├─ /v2026-08-23/ja/programming-languages/fffaraz-awesome-cpp/index.html (+9ms) 
02:16:44   ├─ /v2026-08-23/en/programming-languages/Fr0sT-Brutal-awesome-pascal/index.html (+7ms) 
02:16:44   ├─ /v2026-08-23/ja/programming-languages/Fr0sT-Brutal-awesome-pascal/index.html (+7ms) 
02:16:44   ├─ /v2026-08-23/en/programming-languages/fsprojects-awesome-fsharp/index.html (+5ms) 
02:16:44   ├─ /v2026-08-23/ja/programming-languages/fsprojects-awesome-fsharp/index.html (+6ms) 
02:16:44   ├─ /v2026-08-23/en/programming-languages/GustavBertram-awesome-common-lisp-learning/index.html (+5ms) 
02:16:44   ├─ /v2026-08-23/ja/programming-languages/GustavBertram-awesome-common-lisp-learning/index.html (+5ms) 
02:16:44   ├─ /v2026-08-23/en/programming-languages/h4cc-awesome-elixir/index.html (+8ms) 
02:16:44   ├─ /v2026-08-23/ja/programming-languages/h4cc-awesome-elixir/index.html (+9ms) 
02:16:44   ├─ /v2026-08-23/en/programming-languages/hachiojipm-awesome-perl/index.html (+10ms) 
02:16:44   ├─ /v2026-08-23/ja/programming-languages/hachiojipm-awesome-perl/index.html (+6ms) 
02:16:44   ├─ /v2026-08-23/en/programming-languages/hantuzun-awesome-clojurescript/index.html (+5ms) 
02:16:44   ├─ /v2026-08-23/ja/programming-languages/hantuzun-awesome-clojurescript/index.html (+5ms) 
02:16:44   ├─ /v2026-08-23/en/programming-languages/hsavit1-Awesome-Swift-Education/index.html (+4ms) 
02:16:44   ├─ /v2026-08-23/ja/programming-languages/hsavit1-Awesome-Swift-Education/index.html (+5ms) 
02:16:44   ├─ /v2026-08-23/en/programming-languages/hstsethi-awesome-j2me/index.html (+4ms) 
02:16:44   ├─ /v2026-08-23/ja/programming-languages/hstsethi-awesome-j2me/index.html (+4ms) 
02:16:44   ├─ /v2026-08-23/en/programming-languages/iamericfletcher-awesome-r-learning-resources/index.html (+4ms) 
02:16:44   ├─ /v2026-08-23/ja/programming-languages/iamericfletcher-awesome-r-learning-resources/index.html (+5ms) 
02:16:44   ├─ /v2026-08-23/en/programming-languages/J2TeaM-awesome-AutoIt/index.html (+5ms) 
02:16:44   ├─ /v2026-08-23/ja/programming-languages/J2TeaM-awesome-AutoIt/index.html (+5ms) 
02:16:44   ├─ /v2026-08-23/en/programming-languages/jakoch-awesome-composer/index.html (+5ms) 
02:16:44   ├─ /v2026-08-23/ja/programming-languages/jakoch-awesome-composer/index.html (+5ms) 
02:16:44   ├─ /v2026-08-23/en/programming-languages/joaomilho-awesome-idris/index.html (+4ms) 
02:16:44   ├─ /v2026-08-23/ja/programming-languages/joaomilho-awesome-idris/index.html (+4ms) 
02:16:44   ├─ /v2026-08-23/en/programming-languages/kdabir-awesome-groovy/index.html (+4ms) 
02:16:44   ├─ /v2026-08-23/ja/programming-languages/kdabir-awesome-groovy/index.html (+5ms) 
02:16:44   ├─ /v2026-08-23/en/programming-languages/Kikobeats-awesome-network-js/index.html (+4ms) 
02:16:44   ├─ /v2026-08-23/ja/programming-languages/Kikobeats-awesome-network-js/index.html (+4ms) 
02:16:44   ├─ /v2026-08-23/en/programming-languages/koolamusic-awesome-imba/index.html (+4ms) 
02:16:44   ├─ /v2026-08-23/ja/programming-languages/koolamusic-awesome-imba/index.html (+4ms) 
02:16:44   ├─ /v2026-08-23/en/programming-languages/KotlinBy-awesome-kotlin/index.html (+4ms) 
02:16:44   ├─ /v2026-08-23/ja/programming-languages/KotlinBy-awesome-kotlin/index.html (+4ms) 
02:16:44   ├─ /v2026-08-23/en/programming-languages/krispo-awesome-haskell/index.html (+5ms) 
02:16:44   ├─ /v2026-08-23/ja/programming-languages/krispo-awesome-haskell/index.html (+5ms) 
02:16:44   ├─ /v2026-08-23/en/programming-languages/krzjoa-awesome-python-data-science/index.html (+9ms) 
02:16:45   ├─ /v2026-08-23/ja/programming-languages/krzjoa-awesome-python-data-science/index.html (+6ms) 
02:16:45   ├─ /v2026-08-23/en/programming-languages/lauris-awesome-scala/index.html (+6ms) 
02:16:45   ├─ /v2026-08-23/ja/programming-languages/lauris-awesome-scala/index.html (+6ms) 
02:16:45   ├─ /v2026-08-23/en/programming-languages/LewisJEllis-awesome-lua/index.html (+5ms) 
02:16:45   ├─ /v2026-08-23/ja/programming-languages/LewisJEllis-awesome-lua/index.html (+5ms) 
02:16:45   ├─ /v2026-08-23/en/programming-languages/loverajoel-jstips/index.html (+3ms) 
02:16:45   ├─ /v2026-08-23/ja/programming-languages/loverajoel-jstips/index.html (+4ms) 
02:16:45   ├─ /v2026-08-23/en/programming-languages/markets-awesome-ruby/index.html (+4ms) 
02:16:45   ├─ /v2026-08-23/ja/programming-languages/markets-awesome-ruby/index.html (+5ms) 
02:16:45   ├─ /v2026-08-23/en/programming-languages/matteocrippa-awesome-swift/index.html (+7ms) 
02:16:45   ├─ /v2026-08-23/ja/programming-languages/matteocrippa-awesome-swift/index.html (+8ms) 
02:16:45   ├─ /v2026-08-23/en/programming-languages/maxogden-maintenance-modules/index.html (+4ms) 
02:16:45   ├─ /v2026-08-23/ja/programming-languages/maxogden-maintenance-modules/index.html (+4ms) 
02:16:45   ├─ /v2026-08-23/en/programming-languages/mcauser-awesome-micropython/index.html (+7ms) 
02:16:45   ├─ /v2026-08-23/ja/programming-languages/mcauser-awesome-micropython/index.html (+7ms) 
02:16:45   ├─ /v2026-08-23/en/programming-languages/MystenLabs-awesome-move/index.html (+4ms) 
02:16:45   ├─ /v2026-08-23/ja/programming-languages/MystenLabs-awesome-move/index.html (+5ms) 
02:16:45   ├─ /v2026-08-23/en/programming-languages/ocaml-community-awesome-ocaml/index.html (+4ms) 
02:16:45   ├─ /v2026-08-23/ja/programming-languages/ocaml-community-awesome-ocaml/index.html (+4ms) 
02:16:45   ├─ /v2026-08-23/en/programming-languages/ohenley-awesome-ada/index.html (+6ms) 
02:16:45   ├─ /v2026-08-23/ja/programming-languages/ohenley-awesome-ada/index.html (+6ms) 
02:16:45   ├─ /v2026-08-23/en/programming-languages/onqtam-awesome-cmake/index.html (+4ms) 
02:16:45   ├─ /v2026-08-23/ja/programming-languages/onqtam-awesome-cmake/index.html (+4ms) 
02:16:45   ├─ /v2026-08-23/en/programming-languages/parro-it-awesome-micro-npm-packages/index.html (+4ms) 
02:16:45   ├─ /v2026-08-23/ja/programming-languages/parro-it-awesome-micro-npm-packages/index.html (+7ms) 
02:16:45   ├─ /v2026-08-23/en/programming-languages/passy-awesome-purescript/index.html (+5ms) 
02:16:45   ├─ /v2026-08-23/ja/programming-languages/passy-awesome-purescript/index.html (+4ms) 
02:16:45   ├─ /v2026-08-23/en/programming-languages/pest-parser-awesome-pest/index.html (+4ms) 
02:16:45   ├─ /v2026-08-23/ja/programming-languages/pest-parser-awesome-pest/index.html (+4ms) 
02:16:45   ├─ /v2026-08-23/en/programming-languages/qinwf-awesome-R/index.html (+5ms) 
02:16:45   ├─ /v2026-08-23/ja/programming-languages/qinwf-awesome-R/index.html (+5ms) 
02:16:45   ├─ /v2026-08-23/en/programming-languages/rabbiabram-awesome-fortran/index.html (+4ms) 
02:16:45   ├─ /v2026-08-23/ja/programming-languages/rabbiabram-awesome-fortran/index.html (+4ms) 
02:16:45   ├─ /v2026-08-23/en/programming-languages/razum2um-awesome-clojure/index.html (+4ms) 
02:16:45   ├─ /v2026-08-23/ja/programming-languages/razum2um-awesome-clojure/index.html (+4ms) 
02:16:45   ├─ /v2026-08-23/en/programming-languages/Richienb-awesome-ponyfills/index.html (+4ms) 
02:16:45   ├─ /v2026-08-23/ja/programming-languages/Richienb-awesome-ponyfills/index.html (+4ms) 
02:16:45   ├─ /v2026-08-23/en/programming-languages/robinrodricks-awesome-actionscript3/index.html (+5ms) 
02:16:45   ├─ /v2026-08-23/ja/programming-languages/robinrodricks-awesome-actionscript3/index.html (+6ms) 
02:16:45   ├─ /v2026-08-23/en/programming-languages/rust-unofficial-awesome-rust/index.html (+11ms) 
02:16:45   ├─ /v2026-08-23/ja/programming-languages/rust-unofficial-awesome-rust/index.html (+11ms) 
02:16:45   ├─ /v2026-08-23/en/programming-languages/RyanZim-awesome-npm-scripts/index.html (+4ms) 
02:16:45   ├─ /v2026-08-23/ja/programming-languages/RyanZim-awesome-npm-scripts/index.html (+4ms) 
02:16:45   ├─ /v2026-08-23/en/programming-languages/sancarn-awesome-vba/index.html (+6ms) 
02:16:45   ├─ /v2026-08-23/ja/programming-languages/sancarn-awesome-vba/index.html (+7ms) 
02:16:45   ├─ /v2026-08-23/en/programming-languages/seancoyne-awesome-coldfusion/index.html (+5ms) 
02:16:45   ├─ /v2026-08-23/ja/programming-languages/seancoyne-awesome-coldfusion/index.html (+5ms) 
02:16:45   ├─ /v2026-08-23/en/programming-languages/sindresorhus-awesome-npm/index.html (+5ms) 
02:16:45   ├─ /v2026-08-23/ja/programming-languages/sindresorhus-awesome-npm/index.html (+5ms) 
02:16:45   ├─ /v2026-08-23/en/programming-languages/sindresorhus-awesome-observables/index.html (+4ms) 
02:16:45   ├─ /v2026-08-23/ja/programming-languages/sindresorhus-awesome-observables/index.html (+7ms) 
02:16:45   ├─ /v2026-08-23/en/programming-languages/sorrycc-awesome-javascript/index.html (+7ms) 
02:16:45   ├─ /v2026-08-23/ja/programming-languages/sorrycc-awesome-javascript/index.html (+7ms) 
02:16:45   ├─ /v2026-08-23/en/programming-languages/sporto-awesome-elm/index.html (+5ms) 
02:16:45   ├─ /v2026-08-23/ja/programming-languages/sporto-awesome-elm/index.html (+5ms) 
02:16:45   ├─ /v2026-08-23/en/programming-languages/standard-awesome-standard/index.html (+5ms) 
02:16:45   ├─ /v2026-08-23/ja/programming-languages/standard-awesome-standard/index.html (+4ms) 
02:16:45   ├─ /v2026-08-23/en/programming-languages/stoeffel-awesome-fp-js/index.html (+6ms) 
02:16:45   ├─ /v2026-08-23/ja/programming-languages/stoeffel-awesome-fp-js/index.html (+5ms) 
02:16:45   ├─ /v2026-08-23/en/programming-languages/svaksha-Julia.jl/index.html (+4ms) 
02:16:45   ├─ /v2026-08-23/ja/programming-languages/svaksha-Julia.jl/index.html (+4ms) 
02:16:45   ├─ /v2026-08-23/en/programming-languages/timofurrer-awesome-asyncio/index.html (+4ms) 
02:16:45   ├─ /v2026-08-23/ja/programming-languages/timofurrer-awesome-asyncio/index.html (+5ms) 
02:16:45   ├─ /v2026-08-23/en/programming-languages/tindzk-awesome-scala-native/index.html (+4ms) 
02:16:45   ├─ /v2026-08-23/ja/programming-languages/tindzk-awesome-scala-native/index.html (+5ms) 
02:16:45   ├─ /v2026-08-23/en/programming-languages/typeddjango-awesome-python-typing/index.html (+4ms) 
02:16:45   ├─ /v2026-08-23/ja/programming-languages/typeddjango-awesome-python-typing/index.html (+5ms) 
02:16:45   ├─ /v2026-08-23/en/programming-languages/uraimo-Awesome-Swift-Playgrounds/index.html (+4ms) 
02:16:45   ├─ /v2026-08-23/ja/programming-languages/uraimo-Awesome-Swift-Playgrounds/index.html (+5ms) 
02:16:45   ├─ /v2026-08-23/en/programming-languages/veelenga-awesome-crystal/index.html (+5ms) 
02:16:45   ├─ /v2026-08-23/ja/programming-languages/veelenga-awesome-crystal/index.html (+5ms) 
02:16:45   ├─ /v2026-08-23/en/programming-languages/vinta-awesome-python/index.html (+6ms) 
02:16:45   ├─ /v2026-08-23/ja/programming-languages/vinta-awesome-python/index.html (+7ms) 
02:16:45   ├─ /v2026-08-23/en/programming-languages/vlang-awesome-v/index.html (+5ms) 
02:16:45   ├─ /v2026-08-23/ja/programming-languages/vlang-awesome-v/index.html (+6ms) 
02:16:45   ├─ /v2026-08-23/en/programming-languages/wbinnssmith-awesome-promises/index.html (+7ms) 
02:16:45   ├─ /v2026-08-23/ja/programming-languages/wbinnssmith-awesome-promises/index.html (+5ms) 
02:16:45   ├─ /v2026-08-23/en/programming-languages/yissachar-awesome-dart/index.html (+4ms) 
02:16:45   ├─ /v2026-08-23/ja/programming-languages/yissachar-awesome-dart/index.html (+4ms) 
02:16:45   ├─ /v2026-08-23/en/programming-languages/ziadoz-awesome-php/index.html (+4ms) 
02:16:45   ├─ /v2026-08-23/ja/programming-languages/ziadoz-awesome-php/index.html (+4ms) 
02:16:45   ├─ /v2026-08-23/en/editors/dreikanter-sublime-bookmarks/index.html (+4ms) 
02:16:45   ├─ /v2026-08-23/ja/editors/dreikanter-sublime-bookmarks/index.html (+5ms) 
02:16:45   ├─ /v2026-08-23/en/editors/emacs-tw-awesome-emacs/index.html (+4ms) 
02:16:45   ├─ /v2026-08-23/ja/editors/emacs-tw-awesome-emacs/index.html (+3ms) 
02:16:45   ├─ /v2026-08-23/en/editors/mhinz-vim-galore/index.html (+7ms) 
02:16:45   ├─ /v2026-08-23/ja/editors/mhinz-vim-galore/index.html (+7ms) 
02:16:45   ├─ /v2026-08-23/en/editors/rockerBOO-awesome-neovim/index.html (+11ms) 
02:16:45   ├─ /v2026-08-23/ja/editors/rockerBOO-awesome-neovim/index.html (+10ms) 
02:16:45   ├─ /v2026-08-23/en/editors/viatsko-awesome-vscode/index.html (+7ms) 
02:16:45   ├─ /v2026-08-23/ja/editors/viatsko-awesome-vscode/index.html (+7ms) 
02:16:45   ├─ /v2026-08-23/en/development-environment/agarrharr-awesome-cli-apps/index.html (+6ms) 
02:16:45   ├─ /v2026-08-23/ja/development-environment/agarrharr-awesome-cli-apps/index.html (+7ms) 
02:16:45   ├─ /v2026-08-23/en/development-environment/alebcay-awesome-shell/index.html (+5ms) 
02:16:45   ├─ /v2026-08-23/ja/development-environment/alebcay-awesome-shell/index.html (+5ms) 
02:16:45   ├─ /v2026-08-23/en/development-environment/arslanbilal-git-cheat-sheet/index.html (+6ms) 
02:16:45   ├─ /v2026-08-23/ja/development-environment/arslanbilal-git-cheat-sheet/index.html (+6ms) 
02:16:45   ├─ /v2026-08-23/en/development-environment/bnb-awesome-hyper/index.html (+5ms) 
02:16:45   ├─ /v2026-08-23/ja/development-environment/bnb-awesome-hyper/index.html (+8ms) 
02:16:45   ├─ /v2026-08-23/en/development-environment/compscilauren-awesome-git-hooks/index.html (+5ms) 
02:16:45   ├─ /v2026-08-23/ja/development-environment/compscilauren-awesome-git-hooks/index.html (+4ms) 
02:16:45   ├─ /v2026-08-23/en/development-environment/git-tips-tips/index.html (+8ms) 
02:16:45   ├─ /v2026-08-23/ja/development-environment/git-tips-tips/index.html (+8ms) 
02:16:45   ├─ /v2026-08-23/en/development-environment/jondot-awesome-devenv/index.html (+4ms) 
02:16:45   ├─ /v2026-08-23/ja/development-environment/jondot-awesome-devenv/index.html (+4ms) 
02:16:45   ├─ /v2026-08-23/en/development-environment/jorgebucaran-awsm.fish/index.html (+4ms) 
02:16:45   ├─ /v2026-08-23/ja/development-environment/jorgebucaran-awsm.fish/index.html (+4ms) 
02:16:45   ├─ /v2026-08-23/en/development-environment/k4m4-terminals-are-sexy/index.html (+4ms) 
02:16:45   ├─ /v2026-08-23/ja/development-environment/k4m4-terminals-are-sexy/index.html (+4ms) 
02:16:45   ├─ /v2026-08-23/en/development-environment/matchai-awesome-pinned-gists/index.html (+4ms) 
02:16:45   ├─ /v2026-08-23/ja/development-environment/matchai-awesome-pinned-gists/index.html (+4ms) 
02:16:45   ├─ /v2026-08-23/en/development-environment/michaelbrusegard-awesome-wezterm/index.html (+4ms) 
02:16:45   ├─ /v2026-08-23/ja/development-environment/michaelbrusegard-awesome-wezterm/index.html (+4ms) 
02:16:45   ├─ /v2026-08-23/en/development-environment/moul-awesome-ssh/index.html (+4ms) 
02:16:45   ├─ /v2026-08-23/ja/development-environment/moul-awesome-ssh/index.html (+5ms) 
02:16:45   ├─ /v2026-08-23/en/development-environment/phillipadsmith-awesome-github/index.html (+4ms) 
02:16:45   ├─ /v2026-08-23/ja/development-environment/phillipadsmith-awesome-github/index.html (+4ms) 
02:16:45   ├─ /v2026-08-23/en/development-environment/sdras-awesome-actions/index.html (+5ms) 
02:16:45   ├─ /v2026-08-23/ja/development-environment/sdras-awesome-actions/index.html (+5ms) 
02:16:45   ├─ /v2026-08-23/en/development-environment/sindresorhus-quick-look-plugins/index.html (+5ms) 
02:16:45   ├─ /v2026-08-23/ja/development-environment/sindresorhus-quick-look-plugins/index.html (+4ms) 
02:16:45   ├─ /v2026-08-23/en/development-environment/stefanbuck-awesome-browser-extensions-for-github/index.html (+4ms) 
02:16:45   ├─ /v2026-08-23/ja/development-environment/stefanbuck-awesome-browser-extensions-for-github/index.html (+4ms) 
02:16:45   ├─ /v2026-08-23/en/development-environment/stevemao-awesome-git-addons/index.html (+10ms) 
02:16:45   ├─ /v2026-08-23/ja/development-environment/stevemao-awesome-git-addons/index.html (+8ms) 
02:16:45   ├─ /v2026-08-23/en/development-environment/tiimgreen-github-cheat-sheet/index.html (+6ms) 
02:16:45   ├─ /v2026-08-23/ja/development-environment/tiimgreen-github-cheat-sheet/index.html (+6ms) 
02:16:45   ├─ /v2026-08-23/en/development-environment/tvvocold-FOSS-for-Dev/index.html (+4ms) 
02:16:45   ├─ /v2026-08-23/ja/development-environment/tvvocold-FOSS-for-Dev/index.html (+4ms) 
02:16:45   ├─ /v2026-08-23/en/development-environment/unixorn-awesome-zsh-plugins/index.html (+12ms) 
02:16:45   ├─ /v2026-08-23/ja/development-environment/unixorn-awesome-zsh-plugins/index.html (+12ms) 
02:16:45   ├─ /v2026-08-23/en/development-environment/webpro-awesome-dotfiles/index.html (+4ms) 
02:16:45   └─ /v2026-08-23/ja/development-environment/webpro-awesome-dotfiles/index.html (+4ms) 
02:16:45 ✓ Completed in 2.16s.

02:16:46 [build] 296 page(s) built in 26.03s
02:16:46 [build] Complete!
【情報】awesome/systems: 再生成します (検証済み成果物目録がありません。再ビルドしてください: awesome/systems)
【情報】awesome/systems をビルドしています...

> apps-awesome-systems@0.0.1 prebuild /private/tmp/libx-fmt-import-20261002/apps/awesome/systems
> node prepare.mjs


> apps-awesome-systems@0.0.1 build /private/tmp/libx-fmt-import-20261002/apps/awesome/systems
> astro build

2:16:48 AM [vite] (ssr) warning: 
/private/tmp/libx-fmt-import-20261002/apps/awesome/systems/astro.config.mjs
10 |  const repositoryRoot = findRepositoryRoot(__dirname);
11 |  const { remarkAwesomeInternalLinks } = await import(
12 |    pathToFileURL(path.join(repositoryRoot, 'scripts/plugins/remark-awesome-internal-links.js')).href
   |    ^^^^^^^^^^^^^^^^^^^^^^^^^^^^^^^^^^^^^^^^^^^^^^^^^^^^^^^^^^^^^^^^^^^^^^^^^^^^^^^^^^^^^^^^^^^^^^^^^
13 |  );
14 |  const { readAwesomeRouteManifest } = await import(
The above dynamic import cannot be analyzed by Vite.
See https://github.com/rollup/plugins/tree/master/packages/dynamic-import-vars#limitations for supported dynamic import formats. If this is intended to be left as-is, you can use the /* @vite-ignore */ comment inside the import() call to suppress this warning.

  Plugin: vite:import-analysis
  File: /private/tmp/libx-fmt-import-20261002/apps/awesome/systems/astro.config.mjs
2:16:48 AM [vite] (ssr) warning: 
/private/tmp/libx-fmt-import-20261002/apps/awesome/systems/astro.config.mjs
13 |  );
14 |  const { readAwesomeRouteManifest } = await import(
15 |    pathToFileURL(path.join(repositoryRoot, 'scripts/importers/awesome/app-ownership.mjs')).href
   |    ^^^^^^^^^^^^^^^^^^^^^^^^^^^^^^^^^^^^^^^^^^^^^^^^^^^^^^^^^^^^^^^^^^^^^^^^^^^^^^^^^^^^^^^^^^^^
16 |  );
17 |  const localizedRouteManifest = readAwesomeRouteManifest({ root: repositoryRoot });
The above dynamic import cannot be analyzed by Vite.
See https://github.com/rollup/plugins/tree/master/packages/dynamic-import-vars#limitations for supported dynamic import formats. If this is intended to be left as-is, you can use the /* @vite-ignore */ comment inside the import() call to suppress this warning.

  Plugin: vite:import-analysis
  File: /private/tmp/libx-fmt-import-20261002/apps/awesome/systems/astro.config.mjs
02:16:48 [content] Syncing content
02:16:48 [content] Synced content
02:16:48 [types] Generated 105ms
02:16:48 [build] output: "static"
02:16:48 [build] mode: "static"
02:16:48 [build] directory: /private/tmp/libx-fmt-import-20261002/apps/awesome/systems/dist/
02:16:48 [build] Collecting build info...
02:16:48 [build] ✓ Completed in 119ms.
02:16:48 [build] Building static entrypoints...
02:17:11 [vite] ✓ built in 22.56s
02:17:11 [build] ✓ Completed in 22.58s.

 building client (vite) 
02:17:11 [vite] transforming...
02:17:11 [vite] ✓ 13 modules transformed.
02:17:11 [vite] rendering chunks...
02:17:11 [vite] computing gzip size...
02:17:11 [vite] dist/assets/systems/MainLayout.astro_astro_type_script_index_0_lang.BufUD1wh.js        0.16 kB │ gzip: 0.15 kB
02:17:11 [vite] dist/assets/systems/Banner.astro_astro_type_script_index_0_lang.JXV-v118.js            0.32 kB │ gzip: 0.24 kB
02:17:11 [vite] dist/assets/systems/ThemeToggle.astro_astro_type_script_index_0_lang.BDHHZQnD.js       0.69 kB │ gzip: 0.36 kB
02:17:11 [vite] dist/assets/systems/VersionDiff.astro_astro_type_script_index_0_lang.DQPfIGNm.js       0.69 kB │ gzip: 0.47 kB
02:17:11 [vite] dist/assets/systems/SidebarPersister.astro_astro_type_script_index_0_lang.1HBmR04Y.js  0.79 kB │ gzip: 0.46 kB
02:17:11 [vite] dist/assets/systems/Sidebar.astro_astro_type_script_index_0_lang.Dr4m1BH4.js           0.90 kB │ gzip: 0.38 kB
02:17:11 [vite] dist/assets/systems/Navigation.astro_astro_type_script_index_0_lang.BxRkvq3w.js        0.97 kB │ gzip: 0.44 kB
02:17:11 [vite] dist/assets/systems/TableOfContents.astro_astro_type_script_index_0_lang.ClgIWJ3a.js   1.05 kB │ gzip: 0.54 kB
02:17:11 [vite] dist/assets/systems/Search.astro_astro_type_script_index_0_lang.BValThxB.js            1.71 kB │ gzip: 0.92 kB
02:17:11 [vite] dist/assets/systems/search-client.8T0gqxS2.js                                          1.97 kB │ gzip: 1.02 kB
02:17:11 [vite] dist/assets/systems/GroupSidebar.astro_astro_type_script_index_0_lang.CHMaUHWQ.js      2.33 kB │ gzip: 1.05 kB
02:17:11 [vite] ✓ built in 34ms

 generating static routes 
02:17:11 ▶ src/pages/[version]/[lang]/[...slug].astro
02:17:11   ├─ /v2026-08-20/en/platforms/agucova-awesome-esp/index.html (+560ms) 
02:17:12   ├─ /v2026-08-20/ja/platforms/agucova-awesome-esp/index.html (+8ms) 
02:17:12   ├─ /v2026-08-20/en/platforms/aorumbayev-awesome-omarchy/index.html (+6ms) 
02:17:12   ├─ /v2026-08-20/ja/platforms/aorumbayev-awesome-omarchy/index.html (+6ms) 
02:17:12   ├─ /v2026-08-20/en/platforms/AppImageCommunity-awesome-appimage/index.html (+7ms) 
02:17:12   ├─ /v2026-08-20/ja/platforms/AppImageCommunity-awesome-appimage/index.html (+6ms) 
02:17:12   ├─ /v2026-08-20/en/platforms/balintkissdev-awesome-dos/index.html (+6ms) 
02:17:12   ├─ /v2026-08-20/ja/platforms/balintkissdev-awesome-dos/index.html (+6ms) 
02:17:12   ├─ /v2026-08-20/en/platforms/deephacks-awesome-jvm/index.html (+6ms) 
02:17:12   ├─ /v2026-08-20/ja/platforms/deephacks-awesome-jvm/index.html (+7ms) 
02:17:12   ├─ /v2026-08-20/en/platforms/denolib-awesome-deno/index.html (+6ms) 
02:17:12   ├─ /v2026-08-20/ja/platforms/denolib-awesome-deno/index.html (+6ms) 
02:17:12   ├─ /v2026-08-20/en/platforms/dotintent-awesome-ble/index.html (+7ms) 
02:17:12   ├─ /v2026-08-20/ja/platforms/dotintent-awesome-ble/index.html (+8ms) 
02:17:12   ├─ /v2026-08-20/en/platforms/Esri-awesome-arcgis-developer/index.html (+28ms) 
02:17:12   ├─ /v2026-08-20/ja/platforms/Esri-awesome-arcgis-developer/index.html (+6ms) 
02:17:12   ├─ /v2026-08-20/en/platforms/francoism90-awesome-kde/index.html (+6ms) 
02:17:12   ├─ /v2026-08-20/ja/platforms/francoism90-awesome-kde/index.html (+5ms) 
02:17:12   ├─ /v2026-08-20/en/platforms/fregante-Awesome-WebExtensions/index.html (+5ms) 
02:17:12   ├─ /v2026-08-20/ja/platforms/fregante-Awesome-WebExtensions/index.html (+5ms) 
02:17:12   ├─ /v2026-08-20/en/platforms/hlaueriksson-awesome-powertoys-run-plugins/index.html (+5ms) 
02:17:12   ├─ /v2026-08-20/ja/platforms/hlaueriksson-awesome-powertoys-run-plugins/index.html (+5ms) 
02:17:12   ├─ /v2026-08-20/en/platforms/ipfs-awesome-ipfs/index.html (+5ms) 
02:17:12   ├─ /v2026-08-20/ja/platforms/ipfs-awesome-ipfs/index.html (+5ms) 
02:17:12   ├─ /v2026-08-20/en/platforms/irazasyed-awesome-cloudflare/index.html (+5ms) 
02:17:12   ├─ /v2026-08-20/ja/platforms/irazasyed-awesome-cloudflare/index.html (+5ms) 
02:17:12   ├─ /v2026-08-20/en/platforms/jaywcjlove-awesome-mac/index.html (+10ms) 
02:17:12   ├─ /v2026-08-20/ja/platforms/jaywcjlove-awesome-mac/index.html (+11ms) 
02:17:12   ├─ /v2026-08-20/en/platforms/jonleibowitz-awesome-digitalocean/index.html (+5ms) 
02:17:12   ├─ /v2026-08-20/ja/platforms/jonleibowitz-awesome-digitalocean/index.html (+6ms) 
02:17:12   ├─ /v2026-08-20/en/platforms/JStumpp-awesome-android/index.html (+5ms) 
02:17:12   ├─ /v2026-08-20/ja/platforms/JStumpp-awesome-android/index.html (+6ms) 
02:17:12   ├─ /v2026-08-20/en/platforms/Kazhnuz-awesome-gnome/index.html (+5ms) 
02:17:12   ├─ /v2026-08-20/ja/platforms/Kazhnuz-awesome-gnome/index.html (+5ms) 
02:17:12   ├─ /v2026-08-20/en/platforms/MartinZikmund-awesome-uno-platform/index.html (+4ms) 
02:17:12   ├─ /v2026-08-20/ja/platforms/MartinZikmund-awesome-uno-platform/index.html (+5ms) 
02:17:12   ├─ /v2026-08-20/en/platforms/naimo84-awesome-nodered/index.html (+5ms) 
02:17:12   ├─ /v2026-08-20/ja/platforms/naimo84-awesome-nodered/index.html (+5ms) 
02:17:12   ├─ /v2026-08-20/en/platforms/nix-community-awesome-nix/index.html (+5ms) 
02:17:12   ├─ /v2026-08-20/ja/platforms/nix-community-awesome-nix/index.html (+8ms) 
02:17:12   ├─ /v2026-08-20/en/platforms/PandaFoss-Awesome-Arch/index.html (+5ms) 
02:17:12   ├─ /v2026-08-20/ja/platforms/PandaFoss-Awesome-Arch/index.html (+5ms) 
02:17:12   ├─ /v2026-08-20/en/platforms/ravirupareliya-awesome-actions-on-google/index.html (+5ms) 
02:17:12   ├─ /v2026-08-20/ja/platforms/ravirupareliya-awesome-actions-on-google/index.html (+5ms) 
02:17:12   ├─ /v2026-08-20/en/platforms/serhii-londar-open-source-mac-os-apps/index.html (+11ms) 
02:17:12   ├─ /v2026-08-20/ja/platforms/serhii-londar-open-source-mac-os-apps/index.html (+12ms) 
02:17:12   ├─ /v2026-08-20/en/platforms/shano-awesome-backstage/index.html (+5ms) 
02:17:12   ├─ /v2026-08-20/ja/platforms/shano-awesome-backstage/index.html (+5ms) 
02:17:12   ├─ /v2026-08-20/en/platforms/sindresorhus-awesome-electron/index.html (+4ms) 
02:17:12   ├─ /v2026-08-20/ja/platforms/sindresorhus-awesome-electron/index.html (+5ms) 
02:17:12   ├─ /v2026-08-20/en/platforms/sindresorhus-awesome-nodejs/index.html (+7ms) 
02:17:12   ├─ /v2026-08-20/ja/platforms/sindresorhus-awesome-nodejs/index.html (+7ms) 
02:17:12   ├─ /v2026-08-20/en/platforms/stn1slv-awesome-integration/index.html (+7ms) 
02:17:12   ├─ /v2026-08-20/ja/platforms/stn1slv-awesome-integration/index.html (+7ms) 
02:17:12   ├─ /v2026-08-20/en/platforms/victorshinya-awesome-ibmcloud/index.html (+6ms) 
02:17:12   ├─ /v2026-08-20/ja/platforms/victorshinya-awesome-ibmcloud/index.html (+6ms) 
02:17:12   ├─ /v2026-08-20/en/platforms/vsouza-awesome-ios/index.html (+10ms) 
02:17:12   ├─ /v2026-08-20/ja/platforms/vsouza-awesome-ios/index.html (+10ms) 
02:17:12   ├─ /v2026-08-20/en/platforms/weblancaster-awesome-IoT-hybrid/index.html (+5ms) 
02:17:12   ├─ /v2026-08-20/ja/platforms/weblancaster-awesome-IoT-hybrid/index.html (+5ms) 
02:17:12   ├─ /v2026-08-20/en/security/apsdehal-awesome-ctf/index.html (+5ms) 
02:17:12   ├─ /v2026-08-20/ja/security/apsdehal-awesome-ctf/index.html (+9ms) 
02:17:12   ├─ /v2026-08-20/en/security/bakke92-awesome-gdpr/index.html (+5ms) 
02:17:12   ├─ /v2026-08-20/ja/security/bakke92-awesome-gdpr/index.html (+4ms) 
02:17:12   ├─ /v2026-08-20/en/security/brootware-awesome-cyber-security-university/index.html (+6ms) 
02:17:12   ├─ /v2026-08-20/ja/security/brootware-awesome-cyber-security-university/index.html (+6ms) 
02:17:12   ├─ /v2026-08-20/en/security/carpedm20-awesome-hacking/index.html (+5ms) 
02:17:12   ├─ /v2026-08-20/ja/security/carpedm20-awesome-hacking/index.html (+5ms) 
02:17:12   ├─ /v2026-08-20/en/security/cerberauth-awesome-openid-connect/index.html (+5ms) 
02:17:12   ├─ /v2026-08-20/ja/security/cerberauth-awesome-openid-connect/index.html (+5ms) 
02:17:12   ├─ /v2026-08-20/en/security/cpuu-awesome-fuzzing/index.html (+6ms) 
02:17:12   ├─ /v2026-08-20/ja/security/cpuu-awesome-fuzzing/index.html (+6ms) 
02:17:12   ├─ /v2026-08-20/en/security/daviddias-awesome-hacking-locations/index.html (+6ms) 
02:17:12   ├─ /v2026-08-20/ja/security/daviddias-awesome-hacking-locations/index.html (+7ms) 
02:17:12   ├─ /v2026-08-20/en/security/dhondta-awesome-executable-packing/index.html (+7ms) 
02:17:12   ├─ /v2026-08-20/ja/security/dhondta-awesome-executable-packing/index.html (+7ms) 
02:17:12   ├─ /v2026-08-20/en/security/fabacab-awesome-lockpicking/index.html (+5ms) 
02:17:12   ├─ /v2026-08-20/ja/security/fabacab-awesome-lockpicking/index.html (+4ms) 
02:17:12   ├─ /v2026-08-20/en/security/fkie-cad-awesome-embedded-and-iot-security/index.html (+5ms) 
02:17:12   ├─ /v2026-08-20/ja/security/fkie-cad-awesome-embedded-and-iot-security/index.html (+5ms) 
02:17:12   ├─ /v2026-08-20/en/security/FonduAI-awesome-prompt-injection/index.html (+5ms) 
02:17:12   ├─ /v2026-08-20/ja/security/FonduAI-awesome-prompt-injection/index.html (+5ms) 
02:17:12   ├─ /v2026-08-20/en/security/infosecB-awesome-detection-engineering/index.html (+5ms) 
02:17:12   ├─ /v2026-08-20/ja/security/infosecB-awesome-detection-engineering/index.html (+5ms) 
02:17:12   ├─ /v2026-08-20/en/security/jacobdjwilson-awesome-annual-security-reports/index.html (+9ms) 
02:17:12   ├─ /v2026-08-20/ja/security/jacobdjwilson-awesome-annual-security-reports/index.html (+12ms) 
02:17:12   ├─ /v2026-08-20/en/security/jaredthecoder-awesome-vehicle-security/index.html (+5ms) 
02:17:12   ├─ /v2026-08-20/ja/security/jaredthecoder-awesome-vehicle-security/index.html (+6ms) 
02:17:12   ├─ /v2026-08-20/en/security/kareniel-awesome-evm-security/index.html (+5ms) 
02:17:12   ├─ /v2026-08-20/ja/security/kareniel-awesome-evm-security/index.html (+5ms) 
02:17:12   ├─ /v2026-08-20/en/security/Karneades-awesome-malware-persistence/index.html (+5ms) 
02:17:12   ├─ /v2026-08-20/ja/security/Karneades-awesome-malware-persistence/index.html (+5ms) 
02:17:12   ├─ /v2026-08-20/en/security/Karneades-awesome-security-card-games/index.html (+5ms) 
02:17:12   ├─ /v2026-08-20/ja/security/Karneades-awesome-security-card-games/index.html (+5ms) 
02:17:12   ├─ /v2026-08-20/en/security/n0kovo-awesome-password-cracking/index.html (+5ms) 
02:17:12   ├─ /v2026-08-20/ja/security/n0kovo-awesome-password-cracking/index.html (+6ms) 
02:17:12   ├─ /v2026-08-20/en/security/paragonie-awesome-appsec/index.html (+6ms) 
02:17:12   ├─ /v2026-08-20/ja/security/paragonie-awesome-appsec/index.html (+6ms) 
02:17:12   ├─ /v2026-08-20/en/security/satta-awesome-suricata/index.html (+5ms) 
02:17:12   ├─ /v2026-08-20/ja/security/satta-awesome-suricata/index.html (+5ms) 
02:17:12   ├─ /v2026-08-20/en/security/sbilly-awesome-security/index.html (+6ms) 
02:17:12   ├─ /v2026-08-20/ja/security/sbilly-awesome-security/index.html (+6ms) 
02:17:12   ├─ /v2026-08-20/en/security/TaptuIT-awesome-devsecops/index.html (+6ms) 
02:17:12   ├─ /v2026-08-20/ja/security/TaptuIT-awesome-devsecops/index.html (+5ms) 
02:17:12   ├─ /v2026-08-20/en/security/TupleType-awesome-cicd-attacks/index.html (+4ms) 
02:17:12   ├─ /v2026-08-20/ja/security/TupleType-awesome-cicd-attacks/index.html (+5ms) 
02:17:12   ├─ /v2026-08-20/en/hardware/beardicus-awesome-plotters/index.html (+6ms) 
02:17:12   ├─ /v2026-08-20/ja/hardware/beardicus-awesome-plotters/index.html (+6ms) 
02:17:12   ├─ /v2026-08-20/en/hardware/delftopenhardware-awesome-open-hardware/index.html (+7ms) 
02:17:12   ├─ /v2026-08-20/ja/hardware/delftopenhardware-awesome-open-hardware/index.html (+5ms) 
02:17:12   ├─ /v2026-08-20/en/hardware/HQarroum-awesome-iot/index.html (+5ms) 
02:17:12   ├─ /v2026-08-20/ja/hardware/HQarroum-awesome-iot/index.html (+6ms) 
02:17:12   ├─ /v2026-08-20/en/hardware/kitspace-awesome-electronics/index.html (+5ms) 
02:17:12   ├─ /v2026-08-20/ja/hardware/kitspace-awesome-electronics/index.html (+5ms) 
02:17:12   ├─ /v2026-08-20/en/hardware/Matthias84-awesome-flying-fpv/index.html (+5ms) 
02:17:12   ├─ /v2026-08-20/ja/hardware/Matthias84-awesome-flying-fpv/index.html (+6ms) 
02:17:12   ├─ /v2026-08-20/en/hardware/protontypes-awesome-robotic-tooling/index.html (+7ms) 
02:17:12   ├─ /v2026-08-20/ja/hardware/protontypes-awesome-robotic-tooling/index.html (+8ms) 
02:17:12   ├─ /v2026-08-20/en/hardware/rickstaa-awesome-adsb/index.html (+5ms) 
02:17:12   ├─ /v2026-08-20/ja/hardware/rickstaa-awesome-adsb/index.html (+5ms) 
02:17:12   ├─ /v2026-08-20/en/hardware/szenergy-awesome-lidar/index.html (+6ms) 
02:17:12   ├─ /v2026-08-20/ja/hardware/szenergy-awesome-lidar/index.html (+6ms) 
02:17:12   ├─ /v2026-08-20/en/networking/caesar0301-awesome-pcaptools/index.html (+5ms) 
02:17:12   ├─ /v2026-08-20/ja/networking/caesar0301-awesome-pcaptools/index.html (+5ms) 
02:17:12   ├─ /v2026-08-20/en/networking/eozer-awesome-snmp/index.html (+5ms) 
02:17:12   ├─ /v2026-08-20/ja/networking/eozer-awesome-snmp/index.html (+5ms) 
02:17:12   ├─ /v2026-08-20/en/networking/rtckit-awesome-rtc/index.html (+5ms) 
02:17:12   ├─ /v2026-08-20/ja/networking/rtckit-awesome-rtc/index.html (+5ms) 
02:17:12   ├─ /v2026-08-20/en/networking/seifrajhi-awesome-cilium/index.html (+5ms) 
02:17:12   ├─ /v2026-08-20/ja/networking/seifrajhi-awesome-cilium/index.html (+5ms) 
02:17:12   ├─ /v2026-08-20/en/decentralized-systems/aorumbayev-awesome-algorand/index.html (+6ms) 
02:17:12   ├─ /v2026-08-20/ja/decentralized-systems/aorumbayev-awesome-algorand/index.html (+6ms) 
02:17:12   ├─ /v2026-08-20/en/decentralized-systems/atblueprints-awesome-atproto/index.html (+7ms) 
02:17:12   ├─ /v2026-08-20/ja/decentralized-systems/atblueprints-awesome-atproto/index.html (+6ms) 
02:17:12   ├─ /v2026-08-20/en/decentralized-systems/chainstack-awesome-corda/index.html (+5ms) 
02:17:12   ├─ /v2026-08-20/ja/decentralized-systems/chainstack-awesome-corda/index.html (+5ms) 
02:17:12   ├─ /v2026-08-20/en/decentralized-systems/cosmos-awesome-cosmos/index.html (+5ms) 
02:17:12   ├─ /v2026-08-20/ja/decentralized-systems/cosmos-awesome-cosmos/index.html (+5ms) 
02:17:12   ├─ /v2026-08-20/en/decentralized-systems/DanailMinchev-awesome-eosio/index.html (+5ms) 
02:17:12   ├─ /v2026-08-20/ja/decentralized-systems/DanailMinchev-awesome-eosio/index.html (+5ms) 
02:17:12   ├─ /v2026-08-20/en/decentralized-systems/friedger-awesome-stacks-chain/index.html (+4ms) 
02:17:12   ├─ /v2026-08-20/ja/decentralized-systems/friedger-awesome-stacks-chain/index.html (+5ms) 
02:17:12   ├─ /v2026-08-20/en/decentralized-systems/golemfactory-awesome-golem/index.html (+4ms) 
02:17:12   ├─ /v2026-08-20/ja/decentralized-systems/golemfactory-awesome-golem/index.html (+5ms) 
02:17:12   ├─ /v2026-08-20/en/decentralized-systems/hyperupcall-awesome-mastodon/index.html (+5ms) 
02:17:12   ├─ /v2026-08-20/ja/decentralized-systems/hyperupcall-awesome-mastodon/index.html (+5ms) 
02:17:12   ├─ /v2026-08-20/en/decentralized-systems/msmolyakov-awesome-waves/index.html (+5ms) 
02:17:12   ├─ /v2026-08-20/ja/decentralized-systems/msmolyakov-awesome-waves/index.html (+5ms) 
02:17:12   ├─ /v2026-08-20/en/decentralized-systems/polycarbohydrate-awesome-tor/index.html (+4ms) 
02:17:12   ├─ /v2026-08-20/ja/decentralized-systems/polycarbohydrate-awesome-tor/index.html (+5ms) 
02:17:12   ├─ /v2026-08-20/en/decentralized-systems/zolagonano-awesome-zeronet/index.html (+5ms) 
02:17:12   ├─ /v2026-08-20/ja/decentralized-systems/zolagonano-awesome-zeronet/index.html (+5ms) 
02:17:12   ├─ /v2026-08-23/en/platforms/0pandadev-awesome-windows/index.html (+7ms) 
02:17:12   ├─ /v2026-08-23/ja/platforms/0pandadev-awesome-windows/index.html (+7ms) 
02:17:12   ├─ /v2026-08-23/en/platforms/adafruit-awesome-adafruitio/index.html (+4ms) 
02:17:12   ├─ /v2026-08-23/ja/platforms/adafruit-awesome-adafruitio/index.html (+5ms) 
02:17:12   ├─ /v2026-08-23/en/platforms/agarrharr-awesome-macos-screensavers/index.html (+8ms) 
02:17:12   ├─ /v2026-08-23/ja/platforms/agarrharr-awesome-macos-screensavers/index.html (+6ms) 
02:17:12   ├─ /v2026-08-23/en/platforms/agucova-awesome-esp/index.html (+5ms) 
02:17:12   ├─ /v2026-08-23/ja/platforms/agucova-awesome-esp/index.html (+5ms) 
02:17:12   ├─ /v2026-08-23/en/platforms/aorumbayev-awesome-omarchy/index.html (+5ms) 
02:17:12   ├─ /v2026-08-23/ja/platforms/aorumbayev-awesome-omarchy/index.html (+6ms) 
02:17:12   ├─ /v2026-08-23/en/platforms/AppImageCommunity-awesome-appimage/index.html (+6ms) 
02:17:12   ├─ /v2026-08-23/ja/platforms/AppImageCommunity-awesome-appimage/index.html (+5ms) 
02:17:12   ├─ /v2026-08-23/en/platforms/balintkissdev-awesome-dos/index.html (+6ms) 
02:17:12   ├─ /v2026-08-23/ja/platforms/balintkissdev-awesome-dos/index.html (+6ms) 
02:17:12   ├─ /v2026-08-23/en/platforms/bcoe-awesome-cross-platform-nodejs/index.html (+5ms) 
02:17:12   ├─ /v2026-08-23/ja/platforms/bcoe-awesome-cross-platform-nodejs/index.html (+5ms) 
02:17:12   ├─ /v2026-08-23/en/platforms/busterc-awesome-cordova/index.html (+5ms) 
02:17:13   ├─ /v2026-08-23/ja/platforms/busterc-awesome-cordova/index.html (+4ms) 
02:17:13   ├─ /v2026-08-23/en/platforms/deephacks-awesome-jvm/index.html (+5ms) 
02:17:13   ├─ /v2026-08-23/ja/platforms/deephacks-awesome-jvm/index.html (+6ms) 
02:17:13   ├─ /v2026-08-23/en/platforms/denolib-awesome-deno/index.html (+5ms) 
02:17:13   ├─ /v2026-08-23/ja/platforms/denolib-awesome-deno/index.html (+6ms) 
02:17:13   ├─ /v2026-08-23/en/platforms/donnemartin-awesome-aws/index.html (+7ms) 
02:17:13   ├─ /v2026-08-23/ja/platforms/donnemartin-awesome-aws/index.html (+7ms) 
02:17:13   ├─ /v2026-08-23/en/platforms/dotintent-awesome-ble/index.html (+5ms) 
02:17:13   ├─ /v2026-08-23/ja/platforms/dotintent-awesome-ble/index.html (+8ms) 
02:17:13   ├─ /v2026-08-23/en/platforms/dypsilon-frontend-dev-bookmarks/index.html (+6ms) 
02:17:13   ├─ /v2026-08-23/ja/platforms/dypsilon-frontend-dev-bookmarks/index.html (+6ms) 
02:17:13   ├─ /v2026-08-23/en/platforms/Esri-awesome-arcgis-developer/index.html (+6ms) 
02:17:13   ├─ /v2026-08-23/ja/platforms/Esri-awesome-arcgis-developer/index.html (+6ms) 
02:17:13   ├─ /v2026-08-23/en/platforms/francoism90-awesome-kde/index.html (+5ms) 
02:17:13   ├─ /v2026-08-23/ja/platforms/francoism90-awesome-kde/index.html (+5ms) 
02:17:13   ├─ /v2026-08-23/en/platforms/fregante-Awesome-WebExtensions/index.html (+5ms) 
02:17:13   ├─ /v2026-08-23/ja/platforms/fregante-Awesome-WebExtensions/index.html (+5ms) 
02:17:13   ├─ /v2026-08-23/en/platforms/frenck-awesome-home-assistant/index.html (+7ms) 
02:17:13   ├─ /v2026-08-23/ja/platforms/frenck-awesome-home-assistant/index.html (+7ms) 
02:17:13   ├─ /v2026-08-23/en/platforms/Friz-zy-awesome-linux-containers/index.html (+5ms) 
02:17:13   ├─ /v2026-08-23/ja/platforms/Friz-zy-awesome-linux-containers/index.html (+5ms) 
02:17:13   ├─ /v2026-08-23/en/platforms/fuse-compound-awesome-fuse/index.html (+5ms) 
02:17:13   ├─ /v2026-08-23/ja/platforms/fuse-compound-awesome-fuse/index.html (+6ms) 
02:17:13   ├─ /v2026-08-23/en/platforms/hlaueriksson-awesome-powertoys-run-plugins/index.html (+4ms) 
02:17:13   ├─ /v2026-08-23/ja/platforms/hlaueriksson-awesome-powertoys-run-plugins/index.html (+5ms) 
02:17:13   ├─ /v2026-08-23/en/platforms/ianstormtaylor-awesome-heroku/index.html (+5ms) 
02:17:13   ├─ /v2026-08-23/ja/platforms/ianstormtaylor-awesome-heroku/index.html (+6ms) 
02:17:13   ├─ /v2026-08-23/en/platforms/ipfs-awesome-ipfs/index.html (+5ms) 
02:17:13   ├─ /v2026-08-23/ja/platforms/ipfs-awesome-ipfs/index.html (+5ms) 
02:17:13   ├─ /v2026-08-23/en/platforms/irazasyed-awesome-cloudflare/index.html (+5ms) 
02:17:13   ├─ /v2026-08-23/ja/platforms/irazasyed-awesome-cloudflare/index.html (+5ms) 
02:17:13   ├─ /v2026-08-23/en/platforms/ironcev-awesome-roslyn/index.html (+7ms) 
02:17:13   ├─ /v2026-08-23/ja/platforms/ironcev-awesome-roslyn/index.html (+5ms) 
02:17:13   ├─ /v2026-08-23/en/platforms/jaywcjlove-awesome-mac/index.html (+10ms) 
02:17:13   ├─ /v2026-08-23/ja/platforms/jaywcjlove-awesome-mac/index.html (+11ms) 
02:17:13   ├─ /v2026-08-23/en/platforms/jondot-awesome-react-native/index.html (+5ms) 
02:17:13   ├─ /v2026-08-23/ja/platforms/jondot-awesome-react-native/index.html (+5ms) 
02:17:13   ├─ /v2026-08-23/en/platforms/jonleibowitz-awesome-digitalocean/index.html (+5ms) 
02:17:13   ├─ /v2026-08-23/ja/platforms/jonleibowitz-awesome-digitalocean/index.html (+5ms) 
02:17:13   ├─ /v2026-08-23/en/platforms/JStumpp-awesome-android/index.html (+6ms) 
02:17:13   ├─ /v2026-08-23/ja/platforms/JStumpp-awesome-android/index.html (+6ms) 
02:17:13   ├─ /v2026-08-23/en/platforms/jthegedus-awesome-firebase/index.html (+6ms) 
02:17:13   ├─ /v2026-08-23/ja/platforms/jthegedus-awesome-firebase/index.html (+6ms) 
02:17:13   ├─ /v2026-08-23/en/platforms/Kazhnuz-awesome-gnome/index.html (+6ms) 
02:17:13   ├─ /v2026-08-23/ja/platforms/Kazhnuz-awesome-gnome/index.html (+5ms) 
02:17:13   ├─ /v2026-08-23/en/platforms/mailtoharshit-awesome-salesforce/index.html (+6ms) 
02:17:13   ├─ /v2026-08-23/ja/platforms/mailtoharshit-awesome-salesforce/index.html (+6ms) 
02:17:13   ├─ /v2026-08-23/en/platforms/MartinZikmund-awesome-uno-platform/index.html (+5ms) 
02:17:13   ├─ /v2026-08-23/ja/platforms/MartinZikmund-awesome-uno-platform/index.html (+5ms) 
02:17:13   ├─ /v2026-08-23/en/platforms/naimo84-awesome-nodered/index.html (+5ms) 
02:17:13   ├─ /v2026-08-23/ja/platforms/naimo84-awesome-nodered/index.html (+5ms) 
02:17:13   ├─ /v2026-08-23/en/platforms/nix-community-awesome-nix/index.html (+5ms) 
02:17:13   ├─ /v2026-08-23/ja/platforms/nix-community-awesome-nix/index.html (+6ms) 
02:17:13   ├─ /v2026-08-23/en/platforms/PandaFoss-Awesome-Arch/index.html (+7ms) 
02:17:13   ├─ /v2026-08-23/ja/platforms/PandaFoss-Awesome-Arch/index.html (+6ms) 
02:17:13   ├─ /v2026-08-23/en/platforms/quozd-awesome-dotnet/index.html (+8ms) 
02:17:13   ├─ /v2026-08-23/ja/platforms/quozd-awesome-dotnet/index.html (+8ms) 
02:17:13   ├─ /v2026-08-23/en/platforms/ravirupareliya-awesome-actions-on-google/index.html (+5ms) 
02:17:13   ├─ /v2026-08-23/ja/platforms/ravirupareliya-awesome-actions-on-google/index.html (+5ms) 
02:17:13   ├─ /v2026-08-23/en/platforms/riderx-awesome-capacitor/index.html (+6ms) 
02:17:13   ├─ /v2026-08-23/ja/platforms/riderx-awesome-capacitor/index.html (+7ms) 
02:17:13   ├─ /v2026-08-23/en/platforms/serhii-londar-open-source-mac-os-apps/index.html (+12ms) 
02:17:13   ├─ /v2026-08-23/ja/platforms/serhii-londar-open-source-mac-os-apps/index.html (+12ms) 
02:17:13   ├─ /v2026-08-23/en/platforms/shano-awesome-backstage/index.html (+5ms) 
02:17:13   ├─ /v2026-08-23/ja/platforms/shano-awesome-backstage/index.html (+5ms) 
02:17:13   ├─ /v2026-08-23/en/platforms/sindresorhus-awesome-electron/index.html (+5ms) 
02:17:13   ├─ /v2026-08-23/ja/platforms/sindresorhus-awesome-electron/index.html (+6ms) 
02:17:13   ├─ /v2026-08-23/en/platforms/sindresorhus-awesome-nodejs/index.html (+6ms) 
02:17:13   ├─ /v2026-08-23/ja/platforms/sindresorhus-awesome-nodejs/index.html (+8ms) 
02:17:13   ├─ /v2026-08-23/en/platforms/Solido-awesome-flutter/index.html (+7ms) 
02:17:13   ├─ /v2026-08-23/ja/platforms/Solido-awesome-flutter/index.html (+8ms) 
02:17:13   ├─ /v2026-08-23/en/platforms/stn1slv-awesome-integration/index.html (+8ms) 
02:17:13   ├─ /v2026-08-23/ja/platforms/stn1slv-awesome-integration/index.html (+8ms) 
02:17:13   ├─ /v2026-08-23/en/platforms/thangchung-awesome-dotnet-core/index.html (+10ms) 
02:17:13   ├─ /v2026-08-23/ja/platforms/thangchung-awesome-dotnet-core/index.html (+8ms) 
02:17:13   ├─ /v2026-08-23/en/platforms/thibmaek-awesome-raspberry-pi/index.html (+6ms) 
02:17:13   ├─ /v2026-08-23/ja/platforms/thibmaek-awesome-raspberry-pi/index.html (+6ms) 
02:17:13   ├─ /v2026-08-23/en/platforms/victorshinya-awesome-ibmcloud/index.html (+5ms) 
02:17:13   ├─ /v2026-08-23/ja/platforms/victorshinya-awesome-ibmcloud/index.html (+7ms) 
02:17:13   ├─ /v2026-08-23/en/platforms/vitalets-awesome-smart-tv/index.html (+5ms) 
02:17:13   ├─ /v2026-08-23/ja/platforms/vitalets-awesome-smart-tv/index.html (+6ms) 
02:17:13   ├─ /v2026-08-23/en/platforms/vsouza-awesome-ios/index.html (+11ms) 
02:17:13   ├─ /v2026-08-23/ja/platforms/vsouza-awesome-ios/index.html (+11ms) 
02:17:13   ├─ /v2026-08-23/en/platforms/weblancaster-awesome-IoT-hybrid/index.html (+5ms) 
02:17:13   ├─ /v2026-08-23/ja/platforms/weblancaster-awesome-IoT-hybrid/index.html (+5ms) 
02:17:13   ├─ /v2026-08-23/en/platforms/xavidop-awesome-firebase-genkit/index.html (+5ms) 
02:17:13   ├─ /v2026-08-23/ja/platforms/xavidop-awesome-firebase-genkit/index.html (+6ms) 
02:17:13   ├─ /v2026-08-23/en/platforms/yenchenlin-awesome-watchos/index.html (+5ms) 
02:17:13   ├─ /v2026-08-23/ja/platforms/yenchenlin-awesome-watchos/index.html (+5ms) 
02:17:13   ├─ /v2026-08-23/en/platforms/zenitysec-awesome-low-code/index.html (+6ms) 
02:17:13   ├─ /v2026-08-23/ja/platforms/zenitysec-awesome-low-code/index.html (+6ms) 
02:17:13   ├─ /v2026-08-23/en/platforms/zoidbergwill-awesome-ebpf/index.html (+5ms) 
02:17:13   ├─ /v2026-08-23/ja/platforms/zoidbergwill-awesome-ebpf/index.html (+5ms) 
02:17:13   ├─ /v2026-08-23/en/security/apsdehal-awesome-ctf/index.html (+6ms) 
02:17:13   ├─ /v2026-08-23/ja/security/apsdehal-awesome-ctf/index.html (+8ms) 
02:17:13   ├─ /v2026-08-23/en/security/ashishb-android-security-awesome/index.html (+6ms) 
02:17:13   ├─ /v2026-08-23/ja/security/ashishb-android-security-awesome/index.html (+6ms) 
02:17:13   ├─ /v2026-08-23/en/security/bakke92-awesome-gdpr/index.html (+5ms) 
02:17:13   ├─ /v2026-08-23/ja/security/bakke92-awesome-gdpr/index.html (+6ms) 
02:17:13   ├─ /v2026-08-23/en/security/brootware-awesome-cyber-security-university/index.html (+6ms) 
02:17:13   ├─ /v2026-08-23/ja/security/brootware-awesome-cyber-security-university/index.html (+6ms) 
02:17:13   ├─ /v2026-08-23/en/security/carpedm20-awesome-hacking/index.html (+5ms) 
02:17:13   ├─ /v2026-08-23/ja/security/carpedm20-awesome-hacking/index.html (+6ms) 
02:17:13   ├─ /v2026-08-23/en/security/cerberauth-awesome-openid-connect/index.html (+6ms) 
02:17:13   ├─ /v2026-08-23/ja/security/cerberauth-awesome-openid-connect/index.html (+6ms) 
02:17:13   ├─ /v2026-08-23/en/security/cpuu-awesome-fuzzing/index.html (+6ms) 
02:17:13   ├─ /v2026-08-23/ja/security/cpuu-awesome-fuzzing/index.html (+6ms) 
02:17:13   ├─ /v2026-08-23/en/security/daviddias-awesome-hacking-locations/index.html (+7ms) 
02:17:13   ├─ /v2026-08-23/ja/security/daviddias-awesome-hacking-locations/index.html (+7ms) 
02:17:13   ├─ /v2026-08-23/en/security/dhondta-awesome-executable-packing/index.html (+7ms) 
02:17:13   ├─ /v2026-08-23/ja/security/dhondta-awesome-executable-packing/index.html (+7ms) 
02:17:13   ├─ /v2026-08-23/en/security/fabacab-awesome-cybersecurity-blueteam/index.html (+6ms) 
02:17:13   ├─ /v2026-08-23/ja/security/fabacab-awesome-cybersecurity-blueteam/index.html (+7ms) 
02:17:13   ├─ /v2026-08-23/en/security/fabacab-awesome-lockpicking/index.html (+5ms) 
02:17:13   ├─ /v2026-08-23/ja/security/fabacab-awesome-lockpicking/index.html (+5ms) 
02:17:13   ├─ /v2026-08-23/en/security/fkie-cad-awesome-embedded-and-iot-security/index.html (+6ms) 
02:17:13   ├─ /v2026-08-23/ja/security/fkie-cad-awesome-embedded-and-iot-security/index.html (+8ms) 
02:17:13   ├─ /v2026-08-23/en/security/FonduAI-awesome-prompt-injection/index.html (+5ms) 
02:17:13   ├─ /v2026-08-23/ja/security/FonduAI-awesome-prompt-injection/index.html (+5ms) 
02:17:13   ├─ /v2026-08-23/en/security/infosecB-awesome-detection-engineering/index.html (+5ms) 
02:17:13   ├─ /v2026-08-23/ja/security/infosecB-awesome-detection-engineering/index.html (+5ms) 
02:17:13   ├─ /v2026-08-23/en/security/jacobdjwilson-awesome-annual-security-reports/index.html (+9ms) 
02:17:13   ├─ /v2026-08-23/ja/security/jacobdjwilson-awesome-annual-security-reports/index.html (+9ms) 
02:17:13   ├─ /v2026-08-23/en/security/jaredthecoder-awesome-vehicle-security/index.html (+6ms) 
02:17:13   ├─ /v2026-08-23/ja/security/jaredthecoder-awesome-vehicle-security/index.html (+6ms) 
02:17:13   ├─ /v2026-08-23/en/security/kareniel-awesome-evm-security/index.html (+5ms) 
02:17:13   ├─ /v2026-08-23/ja/security/kareniel-awesome-evm-security/index.html (+5ms) 
02:17:13   ├─ /v2026-08-23/en/security/Karneades-awesome-malware-persistence/index.html (+5ms) 
02:17:13   ├─ /v2026-08-23/ja/security/Karneades-awesome-malware-persistence/index.html (+5ms) 
02:17:13   ├─ /v2026-08-23/en/security/Karneades-awesome-security-card-games/index.html (+5ms) 
02:17:13   ├─ /v2026-08-23/ja/security/Karneades-awesome-security-card-games/index.html (+5ms) 
02:17:13   ├─ /v2026-08-23/en/security/meirwah-awesome-incident-response/index.html (+6ms) 
02:17:13   ├─ /v2026-08-23/ja/security/meirwah-awesome-incident-response/index.html (+6ms) 
02:17:13   ├─ /v2026-08-23/en/security/n0kovo-awesome-password-cracking/index.html (+5ms) 
02:17:13   ├─ /v2026-08-23/ja/security/n0kovo-awesome-password-cracking/index.html (+6ms) 
02:17:13   ├─ /v2026-08-23/en/security/paragonie-awesome-appsec/index.html (+6ms) 
02:17:13   ├─ /v2026-08-23/ja/security/paragonie-awesome-appsec/index.html (+7ms) 
02:17:13   ├─ /v2026-08-23/en/security/paralax-awesome-honeypots/index.html (+5ms) 
02:17:13   ├─ /v2026-08-23/ja/security/paralax-awesome-honeypots/index.html (+7ms) 
02:17:13   ├─ /v2026-08-23/en/security/qazbnm456-awesome-web-security/index.html (+8ms) 
02:17:13   ├─ /v2026-08-23/ja/security/qazbnm456-awesome-web-security/index.html (+8ms) 
02:17:13   ├─ /v2026-08-23/en/security/rshipp-awesome-malware-analysis/index.html (+6ms) 
02:17:13   ├─ /v2026-08-23/ja/security/rshipp-awesome-malware-analysis/index.html (+7ms) 
02:17:13   ├─ /v2026-08-23/en/security/satta-awesome-suricata/index.html (+5ms) 
02:17:13   ├─ /v2026-08-23/ja/security/satta-awesome-suricata/index.html (+5ms) 
02:17:13   ├─ /v2026-08-23/en/security/sbilly-awesome-security/index.html (+6ms) 
02:17:13   ├─ /v2026-08-23/ja/security/sbilly-awesome-security/index.html (+7ms) 
02:17:13   ├─ /v2026-08-23/en/security/TaptuIT-awesome-devsecops/index.html (+6ms) 
02:17:13   ├─ /v2026-08-23/ja/security/TaptuIT-awesome-devsecops/index.html (+6ms) 
02:17:13   ├─ /v2026-08-23/en/security/TupleType-awesome-cicd-attacks/index.html (+5ms) 
02:17:13   ├─ /v2026-08-23/ja/security/TupleType-awesome-cicd-attacks/index.html (+5ms) 
02:17:13   ├─ /v2026-08-23/en/hardware/beardicus-awesome-plotters/index.html (+6ms) 
02:17:13   ├─ /v2026-08-23/ja/hardware/beardicus-awesome-plotters/index.html (+6ms) 
02:17:13   ├─ /v2026-08-23/en/hardware/delftopenhardware-awesome-open-hardware/index.html (+5ms) 
02:17:13   ├─ /v2026-08-23/ja/hardware/delftopenhardware-awesome-open-hardware/index.html (+5ms) 
02:17:13   ├─ /v2026-08-23/en/hardware/gitfrage-guitarspecs/index.html (+4ms) 
02:17:13   ├─ /v2026-08-23/ja/hardware/gitfrage-guitarspecs/index.html (+5ms) 
02:17:13   ├─ /v2026-08-23/en/hardware/HQarroum-awesome-iot/index.html (+5ms) 
02:17:13   ├─ /v2026-08-23/ja/hardware/HQarroum-awesome-iot/index.html (+6ms) 
02:17:13   ├─ /v2026-08-23/en/hardware/Kiloreux-awesome-robotics/index.html (+4ms) 
02:17:13   ├─ /v2026-08-23/ja/hardware/Kiloreux-awesome-robotics/index.html (+5ms) 
02:17:13   ├─ /v2026-08-23/en/hardware/kitspace-awesome-electronics/index.html (+7ms) 
02:17:13   ├─ /v2026-08-23/ja/hardware/kitspace-awesome-electronics/index.html (+6ms) 
02:17:13   ├─ /v2026-08-23/en/hardware/Matthias84-awesome-flying-fpv/index.html (+6ms) 
02:17:13   ├─ /v2026-08-23/ja/hardware/Matthias84-awesome-flying-fpv/index.html (+6ms) 
02:17:14   ├─ /v2026-08-23/en/hardware/protontypes-awesome-robotic-tooling/index.html (+7ms) 
02:17:14   ├─ /v2026-08-23/ja/hardware/protontypes-awesome-robotic-tooling/index.html (+7ms) 
02:17:14   ├─ /v2026-08-23/en/hardware/rabschi-awesome-beacon/index.html (+4ms) 
02:17:14   ├─ /v2026-08-23/ja/hardware/rabschi-awesome-beacon/index.html (+5ms) 
02:17:14   ├─ /v2026-08-23/en/hardware/rickstaa-awesome-adsb/index.html (+5ms) 
02:17:14   ├─ /v2026-08-23/ja/hardware/rickstaa-awesome-adsb/index.html (+5ms) 
02:17:14   ├─ /v2026-08-23/en/hardware/szenergy-awesome-lidar/index.html (+6ms) 
02:17:14   ├─ /v2026-08-23/ja/hardware/szenergy-awesome-lidar/index.html (+7ms) 
02:17:14   ├─ /v2026-08-23/en/networking/caesar0301-awesome-pcaptools/index.html (+6ms) 
02:17:14   ├─ /v2026-08-23/ja/networking/caesar0301-awesome-pcaptools/index.html (+6ms) 
02:17:14   ├─ /v2026-08-23/en/networking/eozer-awesome-snmp/index.html (+5ms) 
02:17:14   ├─ /v2026-08-23/ja/networking/eozer-awesome-snmp/index.html (+6ms) 
02:17:14   ├─ /v2026-08-23/en/networking/rtckit-awesome-rtc/index.html (+5ms) 
02:17:14   ├─ /v2026-08-23/ja/networking/rtckit-awesome-rtc/index.html (+5ms) 
02:17:14   ├─ /v2026-08-23/en/networking/secdev-awesome-scapy/index.html (+4ms) 
02:17:14   ├─ /v2026-08-23/ja/networking/secdev-awesome-scapy/index.html (+5ms) 
02:17:14   ├─ /v2026-08-23/en/networking/seifrajhi-awesome-cilium/index.html (+5ms) 
02:17:14   ├─ /v2026-08-23/ja/networking/seifrajhi-awesome-cilium/index.html (+5ms) 
02:17:14   ├─ /v2026-08-23/en/decentralized-systems/aorumbayev-awesome-algorand/index.html (+6ms) 
02:17:14   ├─ /v2026-08-23/ja/decentralized-systems/aorumbayev-awesome-algorand/index.html (+9ms) 
02:17:14   ├─ /v2026-08-23/en/decentralized-systems/atblueprints-awesome-atproto/index.html (+5ms) 
02:17:14   ├─ /v2026-08-23/ja/decentralized-systems/atblueprints-awesome-atproto/index.html (+5ms) 
02:17:14   ├─ /v2026-08-23/en/decentralized-systems/chainstack-awesome-corda/index.html (+5ms) 
02:17:14   ├─ /v2026-08-23/ja/decentralized-systems/chainstack-awesome-corda/index.html (+5ms) 
02:17:14   ├─ /v2026-08-23/en/decentralized-systems/cosmos-awesome-cosmos/index.html (+5ms) 
02:17:14   ├─ /v2026-08-23/ja/decentralized-systems/cosmos-awesome-cosmos/index.html (+5ms) 
02:17:14   ├─ /v2026-08-23/en/decentralized-systems/DanailMinchev-awesome-eosio/index.html (+5ms) 
02:17:14   ├─ /v2026-08-23/ja/decentralized-systems/DanailMinchev-awesome-eosio/index.html (+5ms) 
02:17:14   ├─ /v2026-08-23/en/decentralized-systems/friedger-awesome-stacks-chain/index.html (+5ms) 
02:17:14   ├─ /v2026-08-23/ja/decentralized-systems/friedger-awesome-stacks-chain/index.html (+6ms) 
02:17:14   ├─ /v2026-08-23/en/decentralized-systems/golemfactory-awesome-golem/index.html (+5ms) 
02:17:14   ├─ /v2026-08-23/ja/decentralized-systems/golemfactory-awesome-golem/index.html (+6ms) 
02:17:14   ├─ /v2026-08-23/en/decentralized-systems/hyperupcall-awesome-mastodon/index.html (+4ms) 
02:17:14   ├─ /v2026-08-23/ja/decentralized-systems/hyperupcall-awesome-mastodon/index.html (+5ms) 
02:17:14   ├─ /v2026-08-23/en/decentralized-systems/igorbarinov-awesome-bitcoin/index.html (+5ms) 
02:17:14   ├─ /v2026-08-23/ja/decentralized-systems/igorbarinov-awesome-bitcoin/index.html (+6ms) 
02:17:14   ├─ /v2026-08-23/en/decentralized-systems/machinomy-awesome-non-financial-blockchain/index.html (+5ms) 
02:17:14   ├─ /v2026-08-23/ja/decentralized-systems/machinomy-awesome-non-financial-blockchain/index.html (+5ms) 
02:17:14   ├─ /v2026-08-23/en/decentralized-systems/msmolyakov-awesome-waves/index.html (+5ms) 
02:17:14   ├─ /v2026-08-23/ja/decentralized-systems/msmolyakov-awesome-waves/index.html (+6ms) 
02:17:14   ├─ /v2026-08-23/en/decentralized-systems/polycarbohydrate-awesome-tor/index.html (+5ms) 
02:17:14   ├─ /v2026-08-23/ja/decentralized-systems/polycarbohydrate-awesome-tor/index.html (+8ms) 
02:17:14   ├─ /v2026-08-23/en/decentralized-systems/steven2358-awesome-blockchain-ai/index.html (+6ms) 
02:17:14   ├─ /v2026-08-23/ja/decentralized-systems/steven2358-awesome-blockchain-ai/index.html (+6ms) 
02:17:14   ├─ /v2026-08-23/en/decentralized-systems/substrate-developer-hub-awesome-substrate/index.html (+6ms) 
02:17:14   ├─ /v2026-08-23/ja/decentralized-systems/substrate-developer-hub-awesome-substrate/index.html (+6ms) 
02:17:14   ├─ /v2026-08-23/en/decentralized-systems/ttumiel-Awesome-Ethereum/index.html (+6ms) 
02:17:14   ├─ /v2026-08-23/ja/decentralized-systems/ttumiel-Awesome-Ethereum/index.html (+6ms) 
02:17:14   ├─ /v2026-08-23/en/decentralized-systems/vhpoet-awesome-ripple/index.html (+5ms) 
02:17:14   ├─ /v2026-08-23/ja/decentralized-systems/vhpoet-awesome-ripple/index.html (+5ms) 
02:17:14   ├─ /v2026-08-23/en/decentralized-systems/zolagonano-awesome-zeronet/index.html (+5ms) 
02:17:14   └─ /v2026-08-23/ja/decentralized-systems/zolagonano-awesome-zeronet/index.html (+5ms) 
02:17:14 ✓ Completed in 2.86s.

02:17:15 [build] 386 page(s) built in 26.36s
02:17:15 [build] Complete!
【情報】awesome/science: 再生成します (検証済み成果物目録がありません。再ビルドしてください: awesome/science)
【情報】awesome/science をビルドしています...

> apps-awesome-science@0.0.1 prebuild /private/tmp/libx-fmt-import-20261002/apps/awesome/science
> node prepare.mjs


> apps-awesome-science@0.0.1 build /private/tmp/libx-fmt-import-20261002/apps/awesome/science
> astro build

2:17:17 AM [vite] (ssr) warning: 
/private/tmp/libx-fmt-import-20261002/apps/awesome/science/astro.config.mjs
10 |  const repositoryRoot = findRepositoryRoot(__dirname);
11 |  const { remarkAwesomeInternalLinks } = await import(
12 |    pathToFileURL(path.join(repositoryRoot, 'scripts/plugins/remark-awesome-internal-links.js')).href
   |    ^^^^^^^^^^^^^^^^^^^^^^^^^^^^^^^^^^^^^^^^^^^^^^^^^^^^^^^^^^^^^^^^^^^^^^^^^^^^^^^^^^^^^^^^^^^^^^^^^
13 |  );
14 |  const { readAwesomeRouteManifest } = await import(
The above dynamic import cannot be analyzed by Vite.
See https://github.com/rollup/plugins/tree/master/packages/dynamic-import-vars#limitations for supported dynamic import formats. If this is intended to be left as-is, you can use the /* @vite-ignore */ comment inside the import() call to suppress this warning.

  Plugin: vite:import-analysis
  File: /private/tmp/libx-fmt-import-20261002/apps/awesome/science/astro.config.mjs
2:17:17 AM [vite] (ssr) warning: 
/private/tmp/libx-fmt-import-20261002/apps/awesome/science/astro.config.mjs
13 |  );
14 |  const { readAwesomeRouteManifest } = await import(
15 |    pathToFileURL(path.join(repositoryRoot, 'scripts/importers/awesome/app-ownership.mjs')).href
   |    ^^^^^^^^^^^^^^^^^^^^^^^^^^^^^^^^^^^^^^^^^^^^^^^^^^^^^^^^^^^^^^^^^^^^^^^^^^^^^^^^^^^^^^^^^^^^
16 |  );
17 |  const localizedRouteManifest = readAwesomeRouteManifest({ root: repositoryRoot });
The above dynamic import cannot be analyzed by Vite.
See https://github.com/rollup/plugins/tree/master/packages/dynamic-import-vars#limitations for supported dynamic import formats. If this is intended to be left as-is, you can use the /* @vite-ignore */ comment inside the import() call to suppress this warning.

  Plugin: vite:import-analysis
  File: /private/tmp/libx-fmt-import-20261002/apps/awesome/science/astro.config.mjs
02:17:17 [content] Syncing content
02:17:17 [content] Synced content
02:17:17 [types] Generated 109ms
02:17:17 [build] output: "static"
02:17:17 [build] mode: "static"
02:17:17 [build] directory: /private/tmp/libx-fmt-import-20261002/apps/awesome/science/dist/
02:17:17 [build] Collecting build info...
02:17:17 [build] ✓ Completed in 124ms.
02:17:17 [build] Building static entrypoints...
02:17:34 [vite] ✓ built in 17.58s
02:17:34 [build] ✓ Completed in 17.60s.

 building client (vite) 
02:17:35 [vite] transforming...
02:17:35 [vite] ✓ 13 modules transformed.
02:17:35 [vite] rendering chunks...
02:17:35 [vite] computing gzip size...
02:17:35 [vite] dist/assets/science/MainLayout.astro_astro_type_script_index_0_lang.BufUD1wh.js        0.16 kB │ gzip: 0.15 kB
02:17:35 [vite] dist/assets/science/Banner.astro_astro_type_script_index_0_lang.JXV-v118.js            0.32 kB │ gzip: 0.24 kB
02:17:35 [vite] dist/assets/science/ThemeToggle.astro_astro_type_script_index_0_lang.BDHHZQnD.js       0.69 kB │ gzip: 0.36 kB
02:17:35 [vite] dist/assets/science/VersionDiff.astro_astro_type_script_index_0_lang.DQPfIGNm.js       0.69 kB │ gzip: 0.47 kB
02:17:35 [vite] dist/assets/science/SidebarPersister.astro_astro_type_script_index_0_lang.1HBmR04Y.js  0.79 kB │ gzip: 0.46 kB
02:17:35 [vite] dist/assets/science/Sidebar.astro_astro_type_script_index_0_lang.Dr4m1BH4.js           0.90 kB │ gzip: 0.38 kB
02:17:35 [vite] dist/assets/science/Navigation.astro_astro_type_script_index_0_lang.BxRkvq3w.js        0.97 kB │ gzip: 0.44 kB
02:17:35 [vite] dist/assets/science/TableOfContents.astro_astro_type_script_index_0_lang.ClgIWJ3a.js   1.05 kB │ gzip: 0.54 kB
02:17:35 [vite] dist/assets/science/Search.astro_astro_type_script_index_0_lang.BValThxB.js            1.71 kB │ gzip: 0.92 kB
02:17:35 [vite] dist/assets/science/search-client.8T0gqxS2.js                                          1.97 kB │ gzip: 1.02 kB
02:17:35 [vite] dist/assets/science/GroupSidebar.astro_astro_type_script_index_0_lang.CHMaUHWQ.js      2.33 kB │ gzip: 1.05 kB
02:17:35 [vite] ✓ built in 38ms

 generating static routes 
02:17:35 ▶ src/pages/[version]/[lang]/[...slug].astro
02:17:35   ├─ /v2026-08-20/en/computer-science/analysis-tools-dev-static-analysis/index.html (+924ms) 
02:17:35   ├─ /v2026-08-20/ja/computer-science/analysis-tools-dev-static-analysis/index.html (+10ms) 
02:17:35   ├─ /v2026-08-20/en/computer-science/arbox-machine-learning-with-ruby/index.html (+7ms) 
02:17:35   ├─ /v2026-08-20/ja/computer-science/arbox-machine-learning-with-ruby/index.html (+8ms) 
02:17:36   ├─ /v2026-08-20/en/computer-science/arbox-nlp-with-ruby/index.html (+8ms) 
02:17:36   ├─ /v2026-08-20/ja/computer-science/arbox-nlp-with-ruby/index.html (+7ms) 
02:17:36   ├─ /v2026-08-20/en/computer-science/desireevl-awesome-quantum-computing/index.html (+7ms) 
02:17:36   ├─ /v2026-08-20/ja/computer-science/desireevl-awesome-quantum-computing/index.html (+7ms) 
02:17:36   ├─ /v2026-08-20/en/computer-science/dspinellis-awesome-msr/index.html (+7ms) 
02:17:36   ├─ /v2026-08-20/ja/computer-science/dspinellis-awesome-msr/index.html (+7ms) 
02:17:36   ├─ /v2026-08-20/en/computer-science/georgezouq-awesome-ai-in-finance/index.html (+9ms) 
02:17:36   ├─ /v2026-08-20/ja/computer-science/georgezouq-awesome-ai-in-finance/index.html (+8ms) 
02:17:36   ├─ /v2026-08-20/en/computer-science/guillaume-chevalier-awesome-deep-learning-resources/index.html (+7ms) 
02:17:36   ├─ /v2026-08-20/ja/computer-science/guillaume-chevalier-awesome-deep-learning-resources/index.html (+9ms) 
02:17:36   ├─ /v2026-08-20/en/computer-science/harpribot-awesome-information-retrieval/index.html (+8ms) 
02:17:36   ├─ /v2026-08-20/ja/computer-science/harpribot-awesome-information-retrieval/index.html (+32ms) 
02:17:36   ├─ /v2026-08-20/en/computer-science/jtoy-awesome-tensorflow/index.html (+7ms) 
02:17:36   ├─ /v2026-08-20/ja/computer-science/jtoy-awesome-tensorflow/index.html (+7ms) 
02:17:36   ├─ /v2026-08-20/en/computer-science/jyguyomarch-awesome-conversational-ai/index.html (+7ms) 
02:17:36   ├─ /v2026-08-20/ja/computer-science/jyguyomarch-awesome-conversational-ai/index.html (+6ms) 
02:17:36   ├─ /v2026-08-20/en/computer-science/mostafatouny-awesome-theoretical-computer-science/index.html (+9ms) 
02:17:36   ├─ /v2026-08-20/ja/computer-science/mostafatouny-awesome-theoretical-computer-science/index.html (+9ms) 
02:17:36   ├─ /v2026-08-20/en/computer-science/n2cholas-awesome-jax/index.html (+7ms) 
02:17:36   ├─ /v2026-08-20/ja/computer-science/n2cholas-awesome-jax/index.html (+7ms) 
02:17:36   ├─ /v2026-08-20/en/computer-science/ossu-computer-science/index.html (+7ms) 
02:17:36   ├─ /v2026-08-20/ja/computer-science/ossu-computer-science/index.html (+6ms) 
02:17:36   ├─ /v2026-08-20/en/computer-science/Renaller-awesome-position-based-quantum-cryptography/index.html (+6ms) 
02:17:36   ├─ /v2026-08-20/ja/computer-science/Renaller-awesome-position-based-quantum-cryptography/index.html (+7ms) 
02:17:36   ├─ /v2026-08-20/en/computer-science/SE-ML-awesome-seml/index.html (+6ms) 
02:17:36   ├─ /v2026-08-20/ja/computer-science/SE-ML-awesome-seml/index.html (+6ms) 
02:17:36   ├─ /v2026-08-20/en/computer-science/seriousran-awesome-qa/index.html (+6ms) 
02:17:36   ├─ /v2026-08-20/ja/computer-science/seriousran-awesome-qa/index.html (+7ms) 
02:17:36   ├─ /v2026-08-20/en/computer-science/steven2358-awesome-generative-ai/index.html (+7ms) 
02:17:36   ├─ /v2026-08-20/ja/computer-science/steven2358-awesome-generative-ai/index.html (+8ms) 
02:17:36   ├─ /v2026-08-20/en/computer-science/theimpossibleastronaut-awesome-linguistics/index.html (+6ms) 
02:17:36   ├─ /v2026-08-20/ja/computer-science/theimpossibleastronaut-awesome-linguistics/index.html (+6ms) 
02:17:36   ├─ /v2026-08-20/en/computer-science/ujjwalkarn-Machine-Learning-Tutorials/index.html (+8ms) 
02:17:36   ├─ /v2026-08-20/ja/computer-science/ujjwalkarn-Machine-Learning-Tutorials/index.html (+7ms) 
02:17:36   ├─ /v2026-08-20/en/big-data/awesome-spark-awesome-spark/index.html (+6ms) 
02:17:36   ├─ /v2026-08-20/ja/big-data/awesome-spark-awesome-spark/index.html (+8ms) 
02:17:36   ├─ /v2026-08-20/en/big-data/igorbarinov-awesome-data-engineering/index.html (+7ms) 
02:17:36   ├─ /v2026-08-20/ja/big-data/igorbarinov-awesome-data-engineering/index.html (+7ms) 
02:17:36   ├─ /v2026-08-20/en/big-data/sduff-awesome-splunk/index.html (+5ms) 
02:17:36   ├─ /v2026-08-20/ja/big-data/sduff-awesome-splunk/index.html (+6ms) 
02:17:36   ├─ /v2026-08-20/en/theory/erwanlemerrer-awesome-audit-algorithms/index.html (+6ms) 
02:17:36   ├─ /v2026-08-20/ja/theory/erwanlemerrer-awesome-audit-algorithms/index.html (+6ms) 
02:17:36   ├─ /v2026-08-20/en/theory/gokayfem-awesome-vlm-architectures/index.html (+15ms) 
02:17:36   ├─ /v2026-08-20/ja/theory/gokayfem-awesome-vlm-architectures/index.html (+12ms) 
02:17:36   ├─ /v2026-08-20/en/theory/marcobiedermann-search-engine-optimization/index.html (+6ms) 
02:17:36   ├─ /v2026-08-20/ja/theory/marcobiedermann-search-engine-optimization/index.html (+6ms) 
02:17:36   ├─ /v2026-08-20/en/theory/owainlewis-awesome-artificial-intelligence/index.html (+6ms) 
02:17:36   ├─ /v2026-08-20/ja/theory/owainlewis-awesome-artificial-intelligence/index.html (+6ms) 
02:17:36   ├─ /v2026-08-20/en/theory/rossant-awesome-math/index.html (+7ms) 
02:17:36   ├─ /v2026-08-20/ja/theory/rossant-awesome-math/index.html (+7ms) 
02:17:36   ├─ /v2026-08-20/en/theory/sellisd-awesome-complexity/index.html (+6ms) 
02:17:36   ├─ /v2026-08-20/ja/theory/sellisd-awesome-complexity/index.html (+6ms) 
02:17:36   ├─ /v2026-08-20/en/theory/YuzheSHI-awesome-agi-cocosci/index.html (+15ms) 
02:17:36   ├─ /v2026-08-20/ja/theory/YuzheSHI-awesome-agi-cocosci/index.html (+14ms) 
02:17:36   ├─ /v2026-08-20/en/databases/benallfree-awesome-pocketbase/index.html (+6ms) 
02:17:36   ├─ /v2026-08-20/ja/databases/benallfree-awesome-pocketbase/index.html (+9ms) 
02:17:36   ├─ /v2026-08-20/en/databases/d3viant0ne-awesome-rethinkdb/index.html (+6ms) 
02:17:36   ├─ /v2026-08-20/ja/databases/d3viant0ne-awesome-rethinkdb/index.html (+5ms) 
02:17:36   ├─ /v2026-08-20/en/databases/dhamaniasad-awesome-postgres/index.html (+7ms) 
02:17:36   ├─ /v2026-08-20/ja/databases/dhamaniasad-awesome-postgres/index.html (+7ms) 
02:17:36   ├─ /v2026-08-20/en/databases/erictleung-awesome-nosql-guides/index.html (+6ms) 
02:17:36   ├─ /v2026-08-20/ja/databases/erictleung-awesome-nosql-guides/index.html (+6ms) 
02:17:36   ├─ /v2026-08-20/en/databases/lyqht-awesome-supabase/index.html (+5ms) 
02:17:36   ├─ /v2026-08-20/ja/databases/lyqht-awesome-supabase/index.html (+5ms) 
02:17:36   ├─ /v2026-08-20/en/databases/mgramin-awesome-db-tools/index.html (+7ms) 
02:17:36   ├─ /v2026-08-20/ja/databases/mgramin-awesome-db-tools/index.html (+7ms) 
02:17:36   ├─ /v2026-08-20/en/databases/mohataher-awesome-tinkerpop/index.html (+6ms) 
02:17:36   ├─ /v2026-08-20/ja/databases/mohataher-awesome-tinkerpop/index.html (+6ms) 
02:17:36   ├─ /v2026-08-20/en/databases/rayokota-awesome-hbase/index.html (+5ms) 
02:17:36   ├─ /v2026-08-20/ja/databases/rayokota-awesome-hbase/index.html (+6ms) 
02:17:36   ├─ /v2026-08-20/en/databases/shlomi-noach-awesome-mysql/index.html (+6ms) 
02:17:36   ├─ /v2026-08-20/ja/databases/shlomi-noach-awesome-mysql/index.html (+6ms) 
02:17:36   ├─ /v2026-08-20/en/databases/tyaga001-awesome-neon/index.html (+6ms) 
02:17:36   ├─ /v2026-08-20/ja/databases/tyaga001-awesome-neon/index.html (+6ms) 
02:17:36   ├─ /v2026-08-20/en/databases/vaticle-typedb-awesome/index.html (+5ms) 
02:17:36   ├─ /v2026-08-20/ja/databases/vaticle-typedb-awesome/index.html (+5ms) 
02:17:36   ├─ /v2026-08-20/en/health-and-social-science/caufieldjh-awesome-bioie/index.html (+6ms) 
02:17:36   ├─ /v2026-08-20/ja/health-and-social-science/caufieldjh-awesome-bioie/index.html (+6ms) 
02:17:36   ├─ /v2026-08-20/en/health-and-social-science/cvyl-awesome-transgender/index.html (+9ms) 
02:17:36   ├─ /v2026-08-20/ja/health-and-social-science/cvyl-awesome-transgender/index.html (+6ms) 
02:17:36   ├─ /v2026-08-20/en/health-and-social-science/dh-tech-awesome-digital-humanities/index.html (+7ms) 
02:17:36   ├─ /v2026-08-20/ja/health-and-social-science/dh-tech-awesome-digital-humanities/index.html (+6ms) 
02:17:36   ├─ /v2026-08-20/en/health-and-social-science/dreamingechoes-awesome-mental-health/index.html (+6ms) 
02:17:36   ├─ /v2026-08-20/ja/health-and-social-science/dreamingechoes-awesome-mental-health/index.html (+6ms) 
02:17:36   ├─ /v2026-08-20/en/health-and-social-science/eselkin-awesome-computational-neuroscience/index.html (+9ms) 
02:17:36   ├─ /v2026-08-20/ja/health-and-social-science/eselkin-awesome-computational-neuroscience/index.html (+8ms) 
02:17:36   ├─ /v2026-08-20/en/health-and-social-science/folkswhocode-awesome-diversity/index.html (+6ms) 
02:17:36   ├─ /v2026-08-20/ja/health-and-social-science/folkswhocode-awesome-diversity/index.html (+6ms) 
02:17:36   ├─ /v2026-08-20/en/health-and-social-science/IAmCoder-awesome-lucid-dreams/index.html (+6ms) 
02:17:36   ├─ /v2026-08-20/ja/health-and-social-science/IAmCoder-awesome-lucid-dreams/index.html (+6ms) 
02:17:36   ├─ /v2026-08-20/en/health-and-social-science/kakoni-awesome-healthcare/index.html (+6ms) 
02:17:36   ├─ /v2026-08-20/ja/health-and-social-science/kakoni-awesome-healthcare/index.html (+6ms) 
02:17:36   ├─ /v2026-08-20/en/health-and-social-science/KimberlyMunoz-empathy-in-engineering/index.html (+6ms) 
02:17:36   ├─ /v2026-08-20/ja/health-and-social-science/KimberlyMunoz-empathy-in-engineering/index.html (+5ms) 
02:17:36   ├─ /v2026-08-20/en/health-and-social-science/NPACore-awesome-neuroimaging/index.html (+6ms) 
02:17:36   ├─ /v2026-08-20/ja/health-and-social-science/NPACore-awesome-neuroimaging/index.html (+6ms) 
02:17:36   ├─ /v2026-08-23/en/computer-science/aaronhma-awesome-tensorflow-js/index.html (+7ms) 
02:17:36   ├─ /v2026-08-23/ja/computer-science/aaronhma-awesome-tensorflow-js/index.html (+7ms) 
02:17:36   ├─ /v2026-08-23/en/computer-science/academic-awesome-datascience/index.html (+9ms) 
02:17:36   ├─ /v2026-08-23/ja/computer-science/academic-awesome-datascience/index.html (+9ms) 
02:17:36   ├─ /v2026-08-23/en/computer-science/accelerated-text-awesome-nlg/index.html (+8ms) 
02:17:36   ├─ /v2026-08-23/ja/computer-science/accelerated-text-awesome-nlg/index.html (+7ms) 
02:17:36   ├─ /v2026-08-23/en/computer-science/altamiracorp-awesome-xai/index.html (+6ms) 
02:17:36   ├─ /v2026-08-23/ja/computer-science/altamiracorp-awesome-xai/index.html (+6ms) 
02:17:36   ├─ /v2026-08-23/en/computer-science/analysis-tools-dev-static-analysis/index.html (+9ms) 
02:17:36   ├─ /v2026-08-23/ja/computer-science/analysis-tools-dev-static-analysis/index.html (+9ms) 
02:17:36   ├─ /v2026-08-23/en/computer-science/arbox-machine-learning-with-ruby/index.html (+6ms) 
02:17:36   ├─ /v2026-08-23/ja/computer-science/arbox-machine-learning-with-ruby/index.html (+7ms) 
02:17:36   ├─ /v2026-08-23/en/computer-science/arbox-nlp-with-ruby/index.html (+7ms) 
02:17:36   ├─ /v2026-08-23/ja/computer-science/arbox-nlp-with-ruby/index.html (+7ms) 
02:17:36   ├─ /v2026-08-23/en/computer-science/ChristosChristofidis-awesome-deep-learning/index.html (+8ms) 
02:17:36   ├─ /v2026-08-23/ja/computer-science/ChristosChristofidis-awesome-deep-learning/index.html (+7ms) 
02:17:36   ├─ /v2026-08-23/en/computer-science/dav009-awesome-spanish-nlp/index.html (+6ms) 
02:17:36   ├─ /v2026-08-23/ja/computer-science/dav009-awesome-spanish-nlp/index.html (+7ms) 
02:17:36   ├─ /v2026-08-23/en/computer-science/desireevl-awesome-quantum-computing/index.html (+6ms) 
02:17:36   ├─ /v2026-08-23/ja/computer-science/desireevl-awesome-quantum-computing/index.html (+7ms) 
02:17:36   ├─ /v2026-08-23/en/computer-science/dspinellis-awesome-msr/index.html (+6ms) 
02:17:36   ├─ /v2026-08-23/ja/computer-science/dspinellis-awesome-msr/index.html (+6ms) 
02:17:36   ├─ /v2026-08-23/en/computer-science/edobashira-speech-language-processing/index.html (+5ms) 
02:17:36   ├─ /v2026-08-23/ja/computer-science/edobashira-speech-language-processing/index.html (+6ms) 
02:17:36   ├─ /v2026-08-23/en/computer-science/georgezouq-awesome-ai-in-finance/index.html (+7ms) 
02:17:36   ├─ /v2026-08-23/ja/computer-science/georgezouq-awesome-ai-in-finance/index.html (+7ms) 
02:17:36   ├─ /v2026-08-23/en/computer-science/guillaume-chevalier-awesome-deep-learning-resources/index.html (+9ms) 
02:17:36   ├─ /v2026-08-23/ja/computer-science/guillaume-chevalier-awesome-deep-learning-resources/index.html (+6ms) 
02:17:36   ├─ /v2026-08-23/en/computer-science/h2oai-awesome-h2o/index.html (+5ms) 
02:17:36   ├─ /v2026-08-23/ja/computer-science/h2oai-awesome-h2o/index.html (+6ms) 
02:17:36   ├─ /v2026-08-23/en/computer-science/harpribot-awesome-information-retrieval/index.html (+6ms) 
02:17:36   ├─ /v2026-08-23/ja/computer-science/harpribot-awesome-information-retrieval/index.html (+6ms) 
02:17:36   ├─ /v2026-08-23/en/computer-science/jbhuang0604-awesome-computer-vision/index.html (+7ms) 
02:17:36   ├─ /v2026-08-23/ja/computer-science/jbhuang0604-awesome-computer-vision/index.html (+7ms) 
02:17:36   ├─ /v2026-08-23/en/computer-science/josephmisiti-awesome-machine-learning/index.html (+5ms) 
02:17:36   ├─ /v2026-08-23/ja/computer-science/josephmisiti-awesome-machine-learning/index.html (+5ms) 
02:17:36   ├─ /v2026-08-23/en/computer-science/jtoy-awesome-tensorflow/index.html (+5ms) 
02:17:36   ├─ /v2026-08-23/ja/computer-science/jtoy-awesome-tensorflow/index.html (+6ms) 
02:17:36   ├─ /v2026-08-23/en/computer-science/jyguyomarch-awesome-conversational-ai/index.html (+6ms) 
02:17:36   ├─ /v2026-08-23/ja/computer-science/jyguyomarch-awesome-conversational-ai/index.html (+6ms) 
02:17:36   ├─ /v2026-08-23/en/computer-science/kjw0612-awesome-deep-vision/index.html (+6ms) 
02:17:36   ├─ /v2026-08-23/ja/computer-science/kjw0612-awesome-deep-vision/index.html (+6ms) 
02:17:36   ├─ /v2026-08-23/en/computer-science/likedan-Awesome-CoreML-Models/index.html (+6ms) 
02:17:36   ├─ /v2026-08-23/ja/computer-science/likedan-Awesome-CoreML-Models/index.html (+7ms) 
02:17:36   ├─ /v2026-08-23/en/computer-science/lucasviola-awesome-functional-programming/index.html (+7ms) 
02:17:36   ├─ /v2026-08-23/ja/computer-science/lucasviola-awesome-functional-programming/index.html (+7ms) 
02:17:36   ├─ /v2026-08-23/en/computer-science/margaretmz-awesome-tensorflow-lite/index.html (+7ms) 
02:17:37   ├─ /v2026-08-23/ja/computer-science/margaretmz-awesome-tensorflow-lite/index.html (+7ms) 
02:17:37   ├─ /v2026-08-23/en/computer-science/mostafatouny-awesome-theoretical-computer-science/index.html (+8ms) 
02:17:37   ├─ /v2026-08-23/ja/computer-science/mostafatouny-awesome-theoretical-computer-science/index.html (+10ms) 
02:17:37   ├─ /v2026-08-23/en/computer-science/n2cholas-awesome-jax/index.html (+7ms) 
02:17:37   ├─ /v2026-08-23/ja/computer-science/n2cholas-awesome-jax/index.html (+6ms) 
02:17:37   ├─ /v2026-08-23/en/computer-science/ossu-computer-science/index.html (+8ms) 
02:17:37   ├─ /v2026-08-23/ja/computer-science/ossu-computer-science/index.html (+7ms) 
02:17:37   ├─ /v2026-08-23/en/computer-science/pFarb-awesome-crypto-papers/index.html (+6ms) 
02:17:37   ├─ /v2026-08-23/ja/computer-science/pFarb-awesome-crypto-papers/index.html (+6ms) 
02:17:37   ├─ /v2026-08-23/en/computer-science/prakhar1989-awesome-courses/index.html (+5ms) 
02:17:37   ├─ /v2026-08-23/ja/computer-science/prakhar1989-awesome-courses/index.html (+6ms) 
02:17:37   ├─ /v2026-08-23/en/computer-science/Renaller-awesome-position-based-quantum-cryptography/index.html (+6ms) 
02:17:37   ├─ /v2026-08-23/ja/computer-science/Renaller-awesome-position-based-quantum-cryptography/index.html (+7ms) 
02:17:37   ├─ /v2026-08-23/en/computer-science/SE-ML-awesome-seml/index.html (+6ms) 
02:17:37   ├─ /v2026-08-23/ja/computer-science/SE-ML-awesome-seml/index.html (+5ms) 
02:17:37   ├─ /v2026-08-23/en/computer-science/seriousran-awesome-qa/index.html (+6ms) 
02:17:37   ├─ /v2026-08-23/ja/computer-science/seriousran-awesome-qa/index.html (+6ms) 
02:17:37   ├─ /v2026-08-23/en/computer-science/siboehm-awesome-learn-datascience/index.html (+5ms) 
02:17:37   ├─ /v2026-08-23/ja/computer-science/siboehm-awesome-learn-datascience/index.html (+6ms) 
02:17:37   ├─ /v2026-08-23/en/computer-science/sobolevn-awesome-cryptography/index.html (+7ms) 
02:17:37   ├─ /v2026-08-23/ja/computer-science/sobolevn-awesome-cryptography/index.html (+7ms) 
02:17:37   ├─ /v2026-08-23/en/computer-science/steven2358-awesome-generative-ai/index.html (+7ms) 
02:17:37   ├─ /v2026-08-23/ja/computer-science/steven2358-awesome-generative-ai/index.html (+8ms) 
02:17:37   ├─ /v2026-08-23/en/computer-science/terryum-awesome-deep-learning-papers/index.html (+8ms) 
02:17:37   ├─ /v2026-08-23/ja/computer-science/terryum-awesome-deep-learning-papers/index.html (+9ms) 
02:17:37   ├─ /v2026-08-23/en/computer-science/theimpossibleastronaut-awesome-linguistics/index.html (+6ms) 
02:17:37   ├─ /v2026-08-23/ja/computer-science/theimpossibleastronaut-awesome-linguistics/index.html (+6ms) 
02:17:37   ├─ /v2026-08-23/en/computer-science/ujjwalkarn-Machine-Learning-Tutorials/index.html (+7ms) 
02:17:37   ├─ /v2026-08-23/ja/computer-science/ujjwalkarn-Machine-Learning-Tutorials/index.html (+7ms) 
02:17:37   ├─ /v2026-08-23/en/big-data/0xnr-awesome-bigdata/index.html (+6ms) 
02:17:37   ├─ /v2026-08-23/ja/big-data/0xnr-awesome-bigdata/index.html (+7ms) 
02:17:37   ├─ /v2026-08-23/en/big-data/ambster-public-awesome-qlik/index.html (+6ms) 
02:17:37   ├─ /v2026-08-23/ja/big-data/ambster-public-awesome-qlik/index.html (+5ms) 
02:17:37   ├─ /v2026-08-23/en/big-data/awesome-spark-awesome-spark/index.html (+6ms) 
02:17:37   ├─ /v2026-08-23/ja/big-data/awesome-spark-awesome-spark/index.html (+7ms) 
02:17:37   ├─ /v2026-08-23/en/big-data/awesomedata-awesome-public-datasets/index.html (+10ms) 
02:17:37   ├─ /v2026-08-23/ja/big-data/awesomedata-awesome-public-datasets/index.html (+10ms) 
02:17:37   ├─ /v2026-08-23/en/big-data/briatte-awesome-network-analysis/index.html (+9ms) 
02:17:37   ├─ /v2026-08-23/ja/big-data/briatte-awesome-network-analysis/index.html (+9ms) 
02:17:37   ├─ /v2026-08-23/en/big-data/igorbarinov-awesome-data-engineering/index.html (+7ms) 
02:17:37   ├─ /v2026-08-23/ja/big-data/igorbarinov-awesome-data-engineering/index.html (+7ms) 
02:17:37   ├─ /v2026-08-23/en/big-data/manuzhang-awesome-streaming/index.html (+6ms) 
02:17:37   ├─ /v2026-08-23/ja/big-data/manuzhang-awesome-streaming/index.html (+7ms) 
02:17:37   ├─ /v2026-08-23/en/big-data/sduff-awesome-splunk/index.html (+5ms) 
02:17:37   ├─ /v2026-08-23/ja/big-data/sduff-awesome-splunk/index.html (+6ms) 
02:17:37   ├─ /v2026-08-23/en/big-data/youngwookim-awesome-hadoop/index.html (+7ms) 
02:17:37   ├─ /v2026-08-23/ja/big-data/youngwookim-awesome-hadoop/index.html (+6ms) 
02:17:37   ├─ /v2026-08-23/en/theory/enjalot-algovis/index.html (+8ms) 
02:17:37   ├─ /v2026-08-23/ja/theory/enjalot-algovis/index.html (+6ms) 
02:17:37   ├─ /v2026-08-23/en/theory/erwanlemerrer-awesome-audit-algorithms/index.html (+6ms) 
02:17:37   ├─ /v2026-08-23/ja/theory/erwanlemerrer-awesome-audit-algorithms/index.html (+7ms) 
02:17:37   ├─ /v2026-08-23/en/theory/gaerae-awesome-algorithms-education/index.html (+5ms) 
02:17:37   ├─ /v2026-08-23/ja/theory/gaerae-awesome-algorithms-education/index.html (+6ms) 
02:17:37   ├─ /v2026-08-23/en/theory/gokayfem-awesome-vlm-architectures/index.html (+15ms) 
02:17:37   ├─ /v2026-08-23/ja/theory/gokayfem-awesome-vlm-architectures/index.html (+12ms) 
02:17:37   ├─ /v2026-08-23/en/theory/JanVanRyswyck-awesome-talks/index.html (+6ms) 
02:17:37   ├─ /v2026-08-23/ja/theory/JanVanRyswyck-awesome-talks/index.html (+6ms) 
02:17:37   ├─ /v2026-08-23/en/theory/lnishan-awesome-competitive-programming/index.html (+8ms) 
02:17:37   ├─ /v2026-08-23/ja/theory/lnishan-awesome-competitive-programming/index.html (+8ms) 
02:17:37   ├─ /v2026-08-23/en/theory/marcobiedermann-search-engine-optimization/index.html (+6ms) 
02:17:37   ├─ /v2026-08-23/ja/theory/marcobiedermann-search-engine-optimization/index.html (+14ms) 
02:17:37   ├─ /v2026-08-23/en/theory/owainlewis-awesome-artificial-intelligence/index.html (+20ms) 
02:17:37   ├─ /v2026-08-23/ja/theory/owainlewis-awesome-artificial-intelligence/index.html (+7ms) 
02:17:37   ├─ /v2026-08-23/en/theory/papers-we-love-papers-we-love/index.html (+6ms) 
02:17:37   ├─ /v2026-08-23/ja/theory/papers-we-love-papers-we-love/index.html (+6ms) 
02:17:37   ├─ /v2026-08-23/en/theory/passy-awesome-recursion-schemes/index.html (+6ms) 
02:17:37   ├─ /v2026-08-23/ja/theory/passy-awesome-recursion-schemes/index.html (+6ms) 
02:17:37   ├─ /v2026-08-23/en/theory/rossant-awesome-math/index.html (+8ms) 
02:17:37   ├─ /v2026-08-23/ja/theory/rossant-awesome-math/index.html (+10ms) 
02:17:37   ├─ /v2026-08-23/en/theory/sellisd-awesome-complexity/index.html (+7ms) 
02:17:37   ├─ /v2026-08-23/ja/theory/sellisd-awesome-complexity/index.html (+6ms) 
02:17:37   ├─ /v2026-08-23/en/theory/tayllan-awesome-algorithms/index.html (+6ms) 
02:17:37   ├─ /v2026-08-23/ja/theory/tayllan-awesome-algorithms/index.html (+7ms) 
02:17:37   ├─ /v2026-08-23/en/theory/YuzheSHI-awesome-agi-cocosci/index.html (+15ms) 
02:17:37   ├─ /v2026-08-23/ja/theory/YuzheSHI-awesome-agi-cocosci/index.html (+15ms) 
02:17:37   ├─ /v2026-08-23/en/databases/benallfree-awesome-pocketbase/index.html (+8ms) 
02:17:37   ├─ /v2026-08-23/ja/databases/benallfree-awesome-pocketbase/index.html (+7ms) 
02:17:37   ├─ /v2026-08-23/en/databases/d3viant0ne-awesome-rethinkdb/index.html (+6ms) 
02:17:37   ├─ /v2026-08-23/ja/databases/d3viant0ne-awesome-rethinkdb/index.html (+6ms) 
02:17:37   ├─ /v2026-08-23/en/databases/dahlia-awesome-sqlalchemy/index.html (+6ms) 
02:17:37   ├─ /v2026-08-23/ja/databases/dahlia-awesome-sqlalchemy/index.html (+7ms) 
02:17:37   ├─ /v2026-08-23/en/databases/dhamaniasad-awesome-postgres/index.html (+7ms) 
02:17:37   ├─ /v2026-08-23/ja/databases/dhamaniasad-awesome-postgres/index.html (+7ms) 
02:17:37   ├─ /v2026-08-23/en/databases/erictleung-awesome-nosql-guides/index.html (+7ms) 
02:17:37   ├─ /v2026-08-23/ja/databases/erictleung-awesome-nosql-guides/index.html (+7ms) 
02:17:37   ├─ /v2026-08-23/en/databases/lyqht-awesome-supabase/index.html (+6ms) 
02:17:37   ├─ /v2026-08-23/ja/databases/lyqht-awesome-supabase/index.html (+6ms) 
02:17:37   ├─ /v2026-08-23/en/databases/mark-rushakoff-awesome-influxdb/index.html (+6ms) 
02:17:37   ├─ /v2026-08-23/ja/databases/mark-rushakoff-awesome-influxdb/index.html (+7ms) 
02:17:37   ├─ /v2026-08-23/en/databases/mgramin-awesome-db-tools/index.html (+10ms) 
02:17:37   ├─ /v2026-08-23/ja/databases/mgramin-awesome-db-tools/index.html (+8ms) 
02:17:37   ├─ /v2026-08-23/en/databases/mohataher-awesome-tinkerpop/index.html (+6ms) 
02:17:37   ├─ /v2026-08-23/ja/databases/mohataher-awesome-tinkerpop/index.html (+6ms) 
02:17:37   ├─ /v2026-08-23/en/databases/neueda-awesome-neo4j/index.html (+6ms) 
02:17:37   ├─ /v2026-08-23/ja/databases/neueda-awesome-neo4j/index.html (+6ms) 
02:17:37   ├─ /v2026-08-23/en/databases/numetriclabz-awesome-db/index.html (+5ms) 
02:17:37   ├─ /v2026-08-23/ja/databases/numetriclabz-awesome-db/index.html (+6ms) 
02:17:37   ├─ /v2026-08-23/en/databases/quangv-awesome-couchdb/index.html (+6ms) 
02:17:37   ├─ /v2026-08-23/ja/databases/quangv-awesome-couchdb/index.html (+6ms) 
02:17:37   ├─ /v2026-08-23/en/databases/ramnes-awesome-mongodb/index.html (+7ms) 
02:17:37   ├─ /v2026-08-23/ja/databases/ramnes-awesome-mongodb/index.html (+7ms) 
02:17:37   ├─ /v2026-08-23/en/databases/rayokota-awesome-hbase/index.html (+6ms) 
02:17:37   ├─ /v2026-08-23/ja/databases/rayokota-awesome-hbase/index.html (+6ms) 
02:17:37   ├─ /v2026-08-23/en/databases/shlomi-noach-awesome-mysql/index.html (+6ms) 
02:17:37   ├─ /v2026-08-23/ja/databases/shlomi-noach-awesome-mysql/index.html (+6ms) 
02:17:37   ├─ /v2026-08-23/en/databases/tyaga001-awesome-neon/index.html (+6ms) 
02:17:37   ├─ /v2026-08-23/ja/databases/tyaga001-awesome-neon/index.html (+7ms) 
02:17:37   ├─ /v2026-08-23/en/databases/vaticle-typedb-awesome/index.html (+6ms) 
02:17:37   ├─ /v2026-08-23/ja/databases/vaticle-typedb-awesome/index.html (+7ms) 
02:17:37   ├─ /v2026-08-23/en/health-and-social-science/analyticalmonk-awesome-neuroscience/index.html (+6ms) 
02:17:37   ├─ /v2026-08-23/ja/health-and-social-science/analyticalmonk-awesome-neuroscience/index.html (+8ms) 
02:17:37   ├─ /v2026-08-23/en/health-and-social-science/caufieldjh-awesome-bioie/index.html (+12ms) 
02:17:37   ├─ /v2026-08-23/ja/health-and-social-science/caufieldjh-awesome-bioie/index.html (+8ms) 
02:17:37   ├─ /v2026-08-23/en/health-and-social-science/cvyl-awesome-transgender/index.html (+7ms) 
02:17:37   ├─ /v2026-08-23/ja/health-and-social-science/cvyl-awesome-transgender/index.html (+7ms) 
02:17:37   ├─ /v2026-08-23/en/health-and-social-science/dh-tech-awesome-digital-humanities/index.html (+6ms) 
02:17:37   ├─ /v2026-08-23/ja/health-and-social-science/dh-tech-awesome-digital-humanities/index.html (+6ms) 
02:17:37   ├─ /v2026-08-23/en/health-and-social-science/dreamingechoes-awesome-mental-health/index.html (+6ms) 
02:17:37   ├─ /v2026-08-23/ja/health-and-social-science/dreamingechoes-awesome-mental-health/index.html (+6ms) 
02:17:37   ├─ /v2026-08-23/en/health-and-social-science/eselkin-awesome-computational-neuroscience/index.html (+11ms) 
02:17:37   ├─ /v2026-08-23/ja/health-and-social-science/eselkin-awesome-computational-neuroscience/index.html (+9ms) 
02:17:37   ├─ /v2026-08-23/en/health-and-social-science/folkswhocode-awesome-diversity/index.html (+7ms) 
02:17:37   ├─ /v2026-08-23/ja/health-and-social-science/folkswhocode-awesome-diversity/index.html (+7ms) 
02:17:37   ├─ /v2026-08-23/en/health-and-social-science/IAmCoder-awesome-lucid-dreams/index.html (+6ms) 
02:17:37   ├─ /v2026-08-23/ja/health-and-social-science/IAmCoder-awesome-lucid-dreams/index.html (+6ms) 
02:17:37   ├─ /v2026-08-23/en/health-and-social-science/kakoni-awesome-healthcare/index.html (+7ms) 
02:17:37   ├─ /v2026-08-23/ja/health-and-social-science/kakoni-awesome-healthcare/index.html (+7ms) 
02:17:37   ├─ /v2026-08-23/en/health-and-social-science/KimberlyMunoz-empathy-in-engineering/index.html (+6ms) 
02:17:37   ├─ /v2026-08-23/ja/health-and-social-science/KimberlyMunoz-empathy-in-engineering/index.html (+7ms) 
02:17:37   ├─ /v2026-08-23/en/health-and-social-science/maehr-awesome-digital-history/index.html (+5ms) 
02:17:37   ├─ /v2026-08-23/ja/health-and-social-science/maehr-awesome-digital-history/index.html (+6ms) 
02:17:37   ├─ /v2026-08-23/en/health-and-social-science/NPACore-awesome-neuroimaging/index.html (+6ms) 
02:17:37   └─ /v2026-08-23/ja/health-and-social-science/NPACore-awesome-neuroimaging/index.html (+8ms) 
02:17:37 ✓ Completed in 2.92s.

02:17:38 [build] 280 page(s) built in 21.44s
02:17:38 [build] Complete!
【情報】awesome/creative: 再生成します (検証済み成果物目録がありません。再ビルドしてください: awesome/creative)
【情報】awesome/creative をビルドしています...

> apps-awesome-creative@0.0.1 prebuild /private/tmp/libx-fmt-import-20261002/apps/awesome/creative
> node prepare.mjs


> apps-awesome-creative@0.0.1 build /private/tmp/libx-fmt-import-20261002/apps/awesome/creative
> astro build

2:17:40 AM [vite] (ssr) warning: 
/private/tmp/libx-fmt-import-20261002/apps/awesome/creative/astro.config.mjs
10 |  const repositoryRoot = findRepositoryRoot(__dirname);
11 |  const { remarkAwesomeInternalLinks } = await import(
12 |    pathToFileURL(path.join(repositoryRoot, 'scripts/plugins/remark-awesome-internal-links.js')).href
   |    ^^^^^^^^^^^^^^^^^^^^^^^^^^^^^^^^^^^^^^^^^^^^^^^^^^^^^^^^^^^^^^^^^^^^^^^^^^^^^^^^^^^^^^^^^^^^^^^^^
13 |  );
14 |  const { readAwesomeRouteManifest } = await import(
The above dynamic import cannot be analyzed by Vite.
See https://github.com/rollup/plugins/tree/master/packages/dynamic-import-vars#limitations for supported dynamic import formats. If this is intended to be left as-is, you can use the /* @vite-ignore */ comment inside the import() call to suppress this warning.

  Plugin: vite:import-analysis
  File: /private/tmp/libx-fmt-import-20261002/apps/awesome/creative/astro.config.mjs
2:17:40 AM [vite] (ssr) warning: 
/private/tmp/libx-fmt-import-20261002/apps/awesome/creative/astro.config.mjs
13 |  );
14 |  const { readAwesomeRouteManifest } = await import(
15 |    pathToFileURL(path.join(repositoryRoot, 'scripts/importers/awesome/app-ownership.mjs')).href
   |    ^^^^^^^^^^^^^^^^^^^^^^^^^^^^^^^^^^^^^^^^^^^^^^^^^^^^^^^^^^^^^^^^^^^^^^^^^^^^^^^^^^^^^^^^^^^^
16 |  );
17 |  const localizedRouteManifest = readAwesomeRouteManifest({ root: repositoryRoot });
The above dynamic import cannot be analyzed by Vite.
See https://github.com/rollup/plugins/tree/master/packages/dynamic-import-vars#limitations for supported dynamic import formats. If this is intended to be left as-is, you can use the /* @vite-ignore */ comment inside the import() call to suppress this warning.

  Plugin: vite:import-analysis
  File: /private/tmp/libx-fmt-import-20261002/apps/awesome/creative/astro.config.mjs
02:17:40 [content] Syncing content
02:17:41 [content] Synced content
02:17:41 [types] Generated 112ms
02:17:41 [build] output: "static"
02:17:41 [build] mode: "static"
02:17:41 [build] directory: /private/tmp/libx-fmt-import-20261002/apps/awesome/creative/dist/
02:17:41 [build] Collecting build info...
02:17:41 [build] ✓ Completed in 125ms.
02:17:41 [build] Building static entrypoints...
02:17:50 [vite] ✓ built in 9.28s
02:17:50 [build] ✓ Completed in 9.30s.

 building client (vite) 
02:17:50 [vite] transforming...
02:17:50 [vite] ✓ 13 modules transformed.
02:17:50 [vite] rendering chunks...
02:17:50 [vite] computing gzip size...
02:17:50 [vite] dist/assets/creative/MainLayout.astro_astro_type_script_index_0_lang.BufUD1wh.js        0.16 kB │ gzip: 0.15 kB
02:17:50 [vite] dist/assets/creative/Banner.astro_astro_type_script_index_0_lang.JXV-v118.js            0.32 kB │ gzip: 0.24 kB
02:17:50 [vite] dist/assets/creative/ThemeToggle.astro_astro_type_script_index_0_lang.BDHHZQnD.js       0.69 kB │ gzip: 0.36 kB
02:17:50 [vite] dist/assets/creative/VersionDiff.astro_astro_type_script_index_0_lang.DQPfIGNm.js       0.69 kB │ gzip: 0.47 kB
02:17:50 [vite] dist/assets/creative/SidebarPersister.astro_astro_type_script_index_0_lang.1HBmR04Y.js  0.79 kB │ gzip: 0.46 kB
02:17:50 [vite] dist/assets/creative/Sidebar.astro_astro_type_script_index_0_lang.Dr4m1BH4.js           0.90 kB │ gzip: 0.38 kB
02:17:50 [vite] dist/assets/creative/Navigation.astro_astro_type_script_index_0_lang.BxRkvq3w.js        0.97 kB │ gzip: 0.44 kB
02:17:50 [vite] dist/assets/creative/TableOfContents.astro_astro_type_script_index_0_lang.ClgIWJ3a.js   1.05 kB │ gzip: 0.54 kB
02:17:50 [vite] dist/assets/creative/Search.astro_astro_type_script_index_0_lang.BValThxB.js            1.71 kB │ gzip: 0.92 kB
02:17:50 [vite] dist/assets/creative/search-client.8T0gqxS2.js                                          1.97 kB │ gzip: 1.02 kB
02:17:50 [vite] dist/assets/creative/GroupSidebar.astro_astro_type_script_index_0_lang.CHMaUHWQ.js      2.33 kB │ gzip: 1.05 kB
02:17:50 [vite] ✓ built in 36ms

 generating static routes 
02:17:50 ▶ src/pages/[version]/[lang]/[...slug].astro
02:17:50   ├─ /v2026-08-20/en/gaming/awesome-roblox-awesome-roblox/index.html (+1.14s) 
02:17:51   ├─ /v2026-08-20/ja/gaming/awesome-roblox-awesome-roblox/index.html (+8ms) 
02:17:51   ├─ /v2026-08-20/en/gaming/bs-community-awesome-minecraft/index.html (+8ms) 
02:17:51   ├─ /v2026-08-20/ja/gaming/bs-community-awesome-minecraft/index.html (+8ms) 
02:17:51   ├─ /v2026-08-20/en/gaming/bytecauldron-awesome-gamemaker/index.html (+8ms) 
02:17:51   ├─ /v2026-08-20/ja/gaming/bytecauldron-awesome-gamemaker/index.html (+8ms) 
02:17:51   ├─ /v2026-08-20/en/gaming/ConstructCommunity-awesome-construct/index.html (+7ms) 
02:17:51   ├─ /v2026-08-20/ja/gaming/ConstructCommunity-awesome-construct/index.html (+7ms) 
02:17:51   ├─ /v2026-08-20/en/gaming/Dvergar-awesome-haxe-gamedev/index.html (+8ms) 
02:17:51   ├─ /v2026-08-20/ja/gaming/Dvergar-awesome-haxe-gamedev/index.html (+7ms) 
02:17:51   ├─ /v2026-08-20/en/gaming/ellisonleao-magictools/index.html (+8ms) 
02:17:51   ├─ /v2026-08-20/ja/gaming/ellisonleao-magictools/index.html (+7ms) 
02:17:51   ├─ /v2026-08-20/en/gaming/flame-engine-awesome-flame/index.html (+7ms) 
02:17:51   ├─ /v2026-08-20/ja/gaming/flame-engine-awesome-flame/index.html (+7ms) 
02:17:51   ├─ /v2026-08-20/en/gaming/hzoo-awesome-gametalks/index.html (+6ms) 
02:17:51   ├─ /v2026-08-20/ja/gaming/hzoo-awesome-gametalks/index.html (+6ms) 
02:17:51   ├─ /v2026-08-20/en/gaming/love2d-community-awesome-love2d/index.html (+7ms) 
02:17:51   ├─ /v2026-08-20/ja/gaming/love2d-community-awesome-love2d/index.html (+10ms) 
02:17:51   ├─ /v2026-08-20/en/gaming/michelpereira-awesome-games-of-coding/index.html (+8ms) 
02:17:51   ├─ /v2026-08-20/ja/gaming/michelpereira-awesome-games-of-coding/index.html (+21ms) 
02:17:51   ├─ /v2026-08-20/en/gaming/michelpereira-awesome-open-source-games/index.html (+8ms) 
02:17:51   ├─ /v2026-08-20/ja/gaming/michelpereira-awesome-open-source-games/index.html (+7ms) 
02:17:51   ├─ /v2026-08-20/en/gaming/notpresident35-awesome-learn-gamedev/index.html (+8ms) 
02:17:51   ├─ /v2026-08-20/ja/gaming/notpresident35-awesome-learn-gamedev/index.html (+8ms) 
02:17:51   ├─ /v2026-08-20/en/gaming/pico-8-awesome-PICO-8/index.html (+6ms) 
02:17:51   ├─ /v2026-08-20/ja/gaming/pico-8-awesome-PICO-8/index.html (+6ms) 
02:17:51   ├─ /v2026-08-20/en/gaming/playcanvas-awesome-playcanvas/index.html (+6ms) 
02:17:51   ├─ /v2026-08-20/ja/gaming/playcanvas-awesome-playcanvas/index.html (+6ms) 
02:17:51   ├─ /v2026-08-20/en/gaming/rafaskb-awesome-libgdx/index.html (+6ms) 
02:17:51   ├─ /v2026-08-20/ja/gaming/rafaskb-awesome-libgdx/index.html (+6ms) 
02:17:51   ├─ /v2026-08-20/en/gaming/stevinz-awesome-game-engine-dev/index.html (+9ms) 
02:17:51   ├─ /v2026-08-20/ja/gaming/stevinz-awesome-game-engine-dev/index.html (+9ms) 
02:17:51   ├─ /v2026-08-20/en/gaming/strift-awesome-esports/index.html (+5ms) 
02:17:51   ├─ /v2026-08-20/ja/gaming/strift-awesome-esports/index.html (+6ms) 
02:17:51   ├─ /v2026-08-20/en/gaming/Symbitic-awesome-babylonjs/index.html (+6ms) 
02:17:51   ├─ /v2026-08-20/ja/gaming/Symbitic-awesome-babylonjs/index.html (+6ms) 
02:17:51   ├─ /v2026-08-20/en/gaming/tobiasvl-awesome-chip-8/index.html (+6ms) 
02:17:51   ├─ /v2026-08-20/ja/gaming/tobiasvl-awesome-chip-8/index.html (+6ms) 
02:17:51   ├─ /v2026-08-20/en/gaming/vhladiienko-awesome-game-production/index.html (+6ms) 
02:17:51   ├─ /v2026-08-20/ja/gaming/vhladiienko-awesome-game-production/index.html (+7ms) 
02:17:51   ├─ /v2026-08-20/en/entertainment/sindresorhus-awesome-scifi/index.html (+11ms) 
02:17:51   ├─ /v2026-08-20/ja/entertainment/sindresorhus-awesome-scifi/index.html (+11ms) 
02:17:51   ├─ /v2026-08-20/en/media/ebu-awesome-broadcasting/index.html (+7ms) 
02:17:51   ├─ /v2026-08-20/ja/media/ebu-awesome-broadcasting/index.html (+8ms) 
02:17:51   ├─ /v2026-08-20/en/media/mfkl-awesome-vlc/index.html (+5ms) 
02:17:51   ├─ /v2026-08-20/ja/media/mfkl-awesome-vlc/index.html (+6ms) 
02:17:51   ├─ /v2026-08-20/en/media/Mo-way-awesome-aoip/index.html (+6ms) 
02:17:51   ├─ /v2026-08-20/ja/media/Mo-way-awesome-aoip/index.html (+5ms) 
02:17:51   ├─ /v2026-08-20/en/media/neutraltone-awesome-stock-resources/index.html (+7ms) 
02:17:51   ├─ /v2026-08-20/ja/media/neutraltone-awesome-stock-resources/index.html (+6ms) 
02:17:51   ├─ /v2026-08-20/en/media/notlmn-awesome-icons/index.html (+6ms) 
02:17:51   ├─ /v2026-08-20/ja/media/notlmn-awesome-icons/index.html (+6ms) 
02:17:51   ├─ /v2026-08-20/en/media/Siilwyn-awesome-pixel-art/index.html (+6ms) 
02:17:51   ├─ /v2026-08-20/ja/media/Siilwyn-awesome-pixel-art/index.html (+6ms) 
02:17:51   ├─ /v2026-08-20/en/media/stingalleman-awesome-audiovisual/index.html (+6ms) 
02:17:51   ├─ /v2026-08-20/ja/media/stingalleman-awesome-audiovisual/index.html (+6ms) 
02:17:51   ├─ /v2026-08-23/en/gaming/awesome-roblox-awesome-roblox/index.html (+7ms) 
02:17:51   ├─ /v2026-08-23/ja/gaming/awesome-roblox-awesome-roblox/index.html (+7ms) 
02:17:51   ├─ /v2026-08-23/en/gaming/bs-community-awesome-minecraft/index.html (+6ms) 
02:17:51   ├─ /v2026-08-23/ja/gaming/bs-community-awesome-minecraft/index.html (+7ms) 
02:17:51   ├─ /v2026-08-23/en/gaming/bytecauldron-awesome-gamemaker/index.html (+7ms) 
02:17:51   ├─ /v2026-08-23/ja/gaming/bytecauldron-awesome-gamemaker/index.html (+7ms) 
02:17:51   ├─ /v2026-08-23/en/gaming/ConstructCommunity-awesome-construct/index.html (+7ms) 
02:17:51   ├─ /v2026-08-23/ja/gaming/ConstructCommunity-awesome-construct/index.html (+7ms) 
02:17:51   ├─ /v2026-08-23/en/gaming/Dvergar-awesome-haxe-gamedev/index.html (+6ms) 
02:17:51   ├─ /v2026-08-23/ja/gaming/Dvergar-awesome-haxe-gamedev/index.html (+8ms) 
02:17:51   ├─ /v2026-08-23/en/gaming/ellisonleao-magictools/index.html (+7ms) 
02:17:51   ├─ /v2026-08-23/ja/gaming/ellisonleao-magictools/index.html (+7ms) 
02:17:52   ├─ /v2026-08-23/en/gaming/flame-engine-awesome-flame/index.html (+6ms) 
02:17:52   ├─ /v2026-08-23/ja/gaming/flame-engine-awesome-flame/index.html (+6ms) 
02:17:52   ├─ /v2026-08-23/en/gaming/gbdev-awesome-gbdev/index.html (+6ms) 
02:17:52   ├─ /v2026-08-23/ja/gaming/gbdev-awesome-gbdev/index.html (+6ms) 
02:17:52   ├─ /v2026-08-23/en/gaming/godotengine-awesome-godot/index.html (+7ms) 
02:17:52   ├─ /v2026-08-23/ja/gaming/godotengine-awesome-godot/index.html (+7ms) 
02:17:52   ├─ /v2026-08-23/en/gaming/hkirat-awesome-chess/index.html (+7ms) 
02:17:52   ├─ /v2026-08-23/ja/gaming/hkirat-awesome-chess/index.html (+6ms) 
02:17:52   ├─ /v2026-08-23/en/gaming/hzoo-awesome-gametalks/index.html (+6ms) 
02:17:52   ├─ /v2026-08-23/ja/gaming/hzoo-awesome-gametalks/index.html (+6ms) 
02:17:52   ├─ /v2026-08-23/en/gaming/leomaurodesenv-game-datasets/index.html (+6ms) 
02:17:52   ├─ /v2026-08-23/ja/gaming/leomaurodesenv-game-datasets/index.html (+6ms) 
02:17:52   ├─ /v2026-08-23/en/gaming/love2d-community-awesome-love2d/index.html (+7ms) 
02:17:52   ├─ /v2026-08-23/ja/gaming/love2d-community-awesome-love2d/index.html (+7ms) 
02:17:52   ├─ /v2026-08-23/en/gaming/mhxion-awesome-discord-communities/index.html (+12ms) 
02:17:52   ├─ /v2026-08-23/ja/gaming/mhxion-awesome-discord-communities/index.html (+12ms) 
02:17:52   ├─ /v2026-08-23/en/gaming/michelpereira-awesome-games-of-coding/index.html (+6ms) 
02:17:52   ├─ /v2026-08-23/ja/gaming/michelpereira-awesome-games-of-coding/index.html (+6ms) 
02:17:52   ├─ /v2026-08-23/en/gaming/michelpereira-awesome-open-source-games/index.html (+7ms) 
02:17:52   ├─ /v2026-08-23/ja/gaming/michelpereira-awesome-open-source-games/index.html (+10ms) 
02:17:52   ├─ /v2026-08-23/en/gaming/notpresident35-awesome-learn-gamedev/index.html (+7ms) 
02:17:52   ├─ /v2026-08-23/ja/gaming/notpresident35-awesome-learn-gamedev/index.html (+7ms) 
02:17:52   ├─ /v2026-08-23/en/gaming/pico-8-awesome-PICO-8/index.html (+5ms) 
02:17:52   ├─ /v2026-08-23/ja/gaming/pico-8-awesome-PICO-8/index.html (+6ms) 
02:17:52   ├─ /v2026-08-23/en/gaming/playcanvas-awesome-playcanvas/index.html (+6ms) 
02:17:52   ├─ /v2026-08-23/ja/gaming/playcanvas-awesome-playcanvas/index.html (+6ms) 
02:17:52   ├─ /v2026-08-23/en/gaming/radek-sprta-awesome-game-remakes/index.html (+7ms) 
02:17:52   ├─ /v2026-08-23/ja/gaming/radek-sprta-awesome-game-remakes/index.html (+7ms) 
02:17:52   ├─ /v2026-08-23/en/gaming/rafaskb-awesome-libgdx/index.html (+6ms) 
02:17:52   ├─ /v2026-08-23/ja/gaming/rafaskb-awesome-libgdx/index.html (+6ms) 
02:17:52   ├─ /v2026-08-23/en/gaming/stetso-awesome-gideros/index.html (+6ms) 
02:17:52   ├─ /v2026-08-23/ja/gaming/stetso-awesome-gideros/index.html (+6ms) 
02:17:52   ├─ /v2026-08-23/en/gaming/stevinz-awesome-game-engine-dev/index.html (+9ms) 
02:17:52   ├─ /v2026-08-23/ja/gaming/stevinz-awesome-game-engine-dev/index.html (+10ms) 
02:17:52   ├─ /v2026-08-23/en/gaming/strift-awesome-esports/index.html (+6ms) 
02:17:52   ├─ /v2026-08-23/ja/gaming/strift-awesome-esports/index.html (+6ms) 
02:17:52   ├─ /v2026-08-23/en/gaming/Symbitic-awesome-babylonjs/index.html (+6ms) 
02:17:52   ├─ /v2026-08-23/ja/gaming/Symbitic-awesome-babylonjs/index.html (+7ms) 
02:17:52   ├─ /v2026-08-23/en/gaming/tobiasvl-awesome-chip-8/index.html (+6ms) 
02:17:52   ├─ /v2026-08-23/ja/gaming/tobiasvl-awesome-chip-8/index.html (+6ms) 
02:17:52   ├─ /v2026-08-23/en/gaming/tomodachi94-awesome-computercraft/index.html (+9ms) 
02:17:52   ├─ /v2026-08-23/ja/gaming/tomodachi94-awesome-computercraft/index.html (+6ms) 
02:17:52   ├─ /v2026-08-23/en/gaming/vhladiienko-awesome-game-production/index.html (+6ms) 
02:17:52   ├─ /v2026-08-23/ja/gaming/vhladiienko-awesome-game-production/index.html (+6ms) 
02:17:52   ├─ /v2026-08-23/en/entertainment/ayr-ton-awesome-geek-podcasts/index.html (+7ms) 
02:17:52   ├─ /v2026-08-23/ja/entertainment/ayr-ton-awesome-geek-podcasts/index.html (+7ms) 
02:17:52   ├─ /v2026-08-23/en/entertainment/RichardLitt-awesome-fantasy/index.html (+9ms) 
02:17:52   ├─ /v2026-08-23/ja/entertainment/RichardLitt-awesome-fantasy/index.html (+9ms) 
02:17:52   ├─ /v2026-08-23/en/entertainment/sindresorhus-awesome-scifi/index.html (+11ms) 
02:17:52   ├─ /v2026-08-23/ja/entertainment/sindresorhus-awesome-scifi/index.html (+11ms) 
02:17:52   ├─ /v2026-08-23/en/entertainment/victorlaerte-awesome-it-quotes/index.html (+6ms) 
02:17:52   ├─ /v2026-08-23/ja/entertainment/victorlaerte-awesome-it-quotes/index.html (+6ms) 
02:17:52   ├─ /v2026-08-23/en/entertainment/zudochkin-awesome-newsletters/index.html (+7ms) 
02:17:52   ├─ /v2026-08-23/ja/entertainment/zudochkin-awesome-newsletters/index.html (+7ms) 
02:17:52   ├─ /v2026-08-23/en/media/44bits-awesome-opensource-documents/index.html (+7ms) 
02:17:52   ├─ /v2026-08-23/ja/media/44bits-awesome-opensource-documents/index.html (+7ms) 
02:17:52   ├─ /v2026-08-23/en/media/brabadu-awesome-fonts/index.html (+6ms) 
02:17:52   ├─ /v2026-08-23/ja/media/brabadu-awesome-fonts/index.html (+6ms) 
02:17:52   ├─ /v2026-08-23/en/media/chrissimpkins-codeface/index.html (+7ms) 
02:17:52   ├─ /v2026-08-23/ja/media/chrissimpkins-codeface/index.html (+7ms) 
02:17:52   ├─ /v2026-08-23/en/media/ciconia-awesome-music/index.html (+6ms) 
02:17:52   ├─ /v2026-08-23/ja/media/ciconia-awesome-music/index.html (+8ms) 
02:17:52   ├─ /v2026-08-23/en/media/davisonio-awesome-gif/index.html (+7ms) 
02:17:52   ├─ /v2026-08-23/ja/media/davisonio-awesome-gif/index.html (+6ms) 
02:17:52   ├─ /v2026-08-23/en/media/ebu-awesome-broadcasting/index.html (+6ms) 
02:17:52   ├─ /v2026-08-23/ja/media/ebu-awesome-broadcasting/index.html (+6ms) 
02:17:52   ├─ /v2026-08-23/en/media/mfkl-awesome-vlc/index.html (+6ms) 
02:17:52   ├─ /v2026-08-23/ja/media/mfkl-awesome-vlc/index.html (+5ms) 
02:17:52   ├─ /v2026-08-23/en/media/Mo-way-awesome-aoip/index.html (+6ms) 
02:17:52   ├─ /v2026-08-23/ja/media/Mo-way-awesome-aoip/index.html (+6ms) 
02:17:52   ├─ /v2026-08-23/en/media/neutraltone-awesome-stock-resources/index.html (+6ms) 
02:17:52   ├─ /v2026-08-23/ja/media/neutraltone-awesome-stock-resources/index.html (+7ms) 
02:17:52   ├─ /v2026-08-23/en/media/notlmn-awesome-icons/index.html (+6ms) 
02:17:52   ├─ /v2026-08-23/ja/media/notlmn-awesome-icons/index.html (+6ms) 
02:17:52   ├─ /v2026-08-23/en/media/Siilwyn-awesome-pixel-art/index.html (+6ms) 
02:17:52   ├─ /v2026-08-23/ja/media/Siilwyn-awesome-pixel-art/index.html (+5ms) 
02:17:52   ├─ /v2026-08-23/en/media/stingalleman-awesome-audiovisual/index.html (+6ms) 
02:17:52   ├─ /v2026-08-23/ja/media/stingalleman-awesome-audiovisual/index.html (+6ms) 
02:17:52   ├─ /v2026-08-23/en/media/transitive-bullshit-awesome-ffmpeg/index.html (+6ms) 
02:17:52   ├─ /v2026-08-23/ja/media/transitive-bullshit-awesome-ffmpeg/index.html (+6ms) 
02:17:52   ├─ /v2026-08-23/en/media/willianjusten-awesome-audio-visualization/index.html (+6ms) 
02:17:52   └─ /v2026-08-23/ja/media/willianjusten-awesome-audio-visualization/index.html (+6ms) 
02:17:52 ✓ Completed in 2.19s.

02:17:53 [build] 150 page(s) built in 12.31s
02:17:53 [build] Complete!
【情報】awesome/community: 再生成します (検証済み成果物目録がありません。再ビルドしてください: awesome/community)
【情報】awesome/community をビルドしています...

> apps-awesome-community@0.0.1 prebuild /private/tmp/libx-fmt-import-20261002/apps/awesome/community
> node prepare.mjs


> apps-awesome-community@0.0.1 build /private/tmp/libx-fmt-import-20261002/apps/awesome/community
> astro build

2:17:55 AM [vite] (ssr) warning: 
/private/tmp/libx-fmt-import-20261002/apps/awesome/community/astro.config.mjs
10 |  const repositoryRoot = findRepositoryRoot(__dirname);
11 |  const { remarkAwesomeInternalLinks } = await import(
12 |    pathToFileURL(path.join(repositoryRoot, 'scripts/plugins/remark-awesome-internal-links.js')).href
   |    ^^^^^^^^^^^^^^^^^^^^^^^^^^^^^^^^^^^^^^^^^^^^^^^^^^^^^^^^^^^^^^^^^^^^^^^^^^^^^^^^^^^^^^^^^^^^^^^^^
13 |  );
14 |  const { readAwesomeRouteManifest } = await import(
The above dynamic import cannot be analyzed by Vite.
See https://github.com/rollup/plugins/tree/master/packages/dynamic-import-vars#limitations for supported dynamic import formats. If this is intended to be left as-is, you can use the /* @vite-ignore */ comment inside the import() call to suppress this warning.

  Plugin: vite:import-analysis
  File: /private/tmp/libx-fmt-import-20261002/apps/awesome/community/astro.config.mjs
2:17:55 AM [vite] (ssr) warning: 
/private/tmp/libx-fmt-import-20261002/apps/awesome/community/astro.config.mjs
13 |  );
14 |  const { readAwesomeRouteManifest } = await import(
15 |    pathToFileURL(path.join(repositoryRoot, 'scripts/importers/awesome/app-ownership.mjs')).href
   |    ^^^^^^^^^^^^^^^^^^^^^^^^^^^^^^^^^^^^^^^^^^^^^^^^^^^^^^^^^^^^^^^^^^^^^^^^^^^^^^^^^^^^^^^^^^^^
16 |  );
17 |  const localizedRouteManifest = readAwesomeRouteManifest({ root: repositoryRoot });
The above dynamic import cannot be analyzed by Vite.
See https://github.com/rollup/plugins/tree/master/packages/dynamic-import-vars#limitations for supported dynamic import formats. If this is intended to be left as-is, you can use the /* @vite-ignore */ comment inside the import() call to suppress this warning.

  Plugin: vite:import-analysis
  File: /private/tmp/libx-fmt-import-20261002/apps/awesome/community/astro.config.mjs
02:17:55 [content] Syncing content
02:17:55 [content] Synced content
02:17:55 [types] Generated 104ms
02:17:55 [build] output: "static"
02:17:55 [build] mode: "static"
02:17:55 [build] directory: /private/tmp/libx-fmt-import-20261002/apps/awesome/community/dist/
02:17:55 [build] Collecting build info...
02:17:55 [build] ✓ Completed in 117ms.
02:17:55 [build] Building static entrypoints...
02:18:17 [vite] ✓ built in 22.00s
02:18:17 [build] ✓ Completed in 22.02s.

 building client (vite) 
02:18:17 [vite] transforming...
02:18:17 [vite] ✓ 13 modules transformed.
02:18:17 [vite] rendering chunks...
02:18:17 [vite] computing gzip size...
02:18:17 [vite] dist/assets/community/MainLayout.astro_astro_type_script_index_0_lang.BufUD1wh.js        0.16 kB │ gzip: 0.15 kB
02:18:17 [vite] dist/assets/community/Banner.astro_astro_type_script_index_0_lang.JXV-v118.js            0.32 kB │ gzip: 0.24 kB
02:18:17 [vite] dist/assets/community/ThemeToggle.astro_astro_type_script_index_0_lang.BDHHZQnD.js       0.69 kB │ gzip: 0.36 kB
02:18:17 [vite] dist/assets/community/VersionDiff.astro_astro_type_script_index_0_lang.DQPfIGNm.js       0.69 kB │ gzip: 0.47 kB
02:18:17 [vite] dist/assets/community/SidebarPersister.astro_astro_type_script_index_0_lang.1HBmR04Y.js  0.79 kB │ gzip: 0.46 kB
02:18:17 [vite] dist/assets/community/Sidebar.astro_astro_type_script_index_0_lang.Dr4m1BH4.js           0.90 kB │ gzip: 0.38 kB
02:18:17 [vite] dist/assets/community/Navigation.astro_astro_type_script_index_0_lang.BxRkvq3w.js        0.97 kB │ gzip: 0.44 kB
02:18:17 [vite] dist/assets/community/TableOfContents.astro_astro_type_script_index_0_lang.ClgIWJ3a.js   1.05 kB │ gzip: 0.54 kB
02:18:17 [vite] dist/assets/community/Search.astro_astro_type_script_index_0_lang.BValThxB.js            1.71 kB │ gzip: 0.92 kB
02:18:17 [vite] dist/assets/community/search-client.8T0gqxS2.js                                          1.97 kB │ gzip: 1.02 kB
02:18:17 [vite] dist/assets/community/GroupSidebar.astro_astro_type_script_index_0_lang.CHMaUHWQ.js      2.33 kB │ gzip: 1.05 kB
02:18:17 [vite] ✓ built in 33ms

 generating static routes 
02:18:17 ▶ src/pages/[version]/[lang]/[...slug].astro
02:18:17   ├─ /v2026-08-20/en/books/TalAter-awesome-book-authoring/index.html (+862ms) 
02:18:18   ├─ /v2026-08-20/ja/books/TalAter-awesome-book-authoring/index.html (+10ms) 
02:18:18   ├─ /v2026-08-20/en/learn/dend-awesome-product-management/index.html (+9ms) 
02:18:18   ├─ /v2026-08-20/ja/learn/dend-awesome-product-management/index.html (+9ms) 
02:18:18   ├─ /v2026-08-20/en/learn/dribdat-awesome-hackathon/index.html (+8ms) 
02:18:18   ├─ /v2026-08-20/ja/learn/dribdat-awesome-hackathon/index.html (+10ms) 
02:18:18   ├─ /v2026-08-20/en/learn/HollyAdele-awesome-programming-for-kids/index.html (+7ms) 
02:18:18   ├─ /v2026-08-20/ja/learn/HollyAdele-awesome-programming-for-kids/index.html (+7ms) 
02:18:18   ├─ /v2026-08-20/en/learn/JoseDeFreitas-awesome-youtubers/index.html (+9ms) 
02:18:18   ├─ /v2026-08-20/ja/learn/JoseDeFreitas-awesome-youtubers/index.html (+10ms) 
02:18:18   ├─ /v2026-08-20/en/learn/PanXProject-awesome-certificates/index.html (+9ms) 
02:18:18   ├─ /v2026-08-20/ja/learn/PanXProject-awesome-certificates/index.html (+8ms) 
02:18:18   ├─ /v2026-08-20/en/learn/RahulBirCodes-awesome-steam/index.html (+6ms) 
02:18:18   ├─ /v2026-08-20/ja/learn/RahulBirCodes-awesome-steam/index.html (+7ms) 
02:18:18   ├─ /v2026-08-20/en/learn/yrgo-awesome-educational-games/index.html (+7ms) 
02:18:18   ├─ /v2026-08-20/ja/learn/yrgo-awesome-educational-games/index.html (+6ms) 
02:18:18   ├─ /v2026-08-20/en/business/aleixmorgadas-awesome-engineering-strategy/index.html (+7ms) 
02:18:18   ├─ /v2026-08-20/ja/business/aleixmorgadas-awesome-engineering-strategy/index.html (+7ms) 
02:18:18   ├─ /v2026-08-20/en/business/domenicosolazzo-awesome-okr/index.html (+7ms) 
02:18:18   ├─ /v2026-08-20/ja/business/domenicosolazzo-awesome-okr/index.html (+6ms) 
02:18:18   ├─ /v2026-08-20/en/business/kdeldycke-awesome-billing/index.html (+12ms) 
02:18:18   ├─ /v2026-08-20/ja/business/kdeldycke-awesome-billing/index.html (+11ms) 
02:18:18   ├─ /v2026-08-20/en/business/kdeldycke-awesome-engineering-team-management/index.html (+43ms) 
02:18:18   ├─ /v2026-08-20/ja/business/kdeldycke-awesome-engineering-team-management/index.html (+10ms) 
02:18:18   ├─ /v2026-08-20/en/business/mmccaff-PlacesToPostYourStartup/index.html (+6ms) 
02:18:18   ├─ /v2026-08-20/ja/business/mmccaff-PlacesToPostYourStartup/index.html (+6ms) 
02:18:18   ├─ /v2026-08-20/en/business/nglgzz-awesome-clean-tech/index.html (+7ms) 
02:18:18   ├─ /v2026-08-20/ja/business/nglgzz-awesome-clean-tech/index.html (+6ms) 
02:18:18   ├─ /v2026-08-20/en/work/j0hnm4r5-awesome-creative-technology/index.html (+8ms) 
02:18:18   ├─ /v2026-08-20/ja/work/j0hnm4r5-awesome-creative-technology/index.html (+8ms) 
02:18:18   ├─ /v2026-08-20/en/work/jyguyomarch-awesome-productivity/index.html (+7ms) 
02:18:18   ├─ /v2026-08-20/ja/work/jyguyomarch-awesome-productivity/index.html (+7ms) 
02:18:18   ├─ /v2026-08-20/en/events/danvoyce-awesome-creative-tech-events/index.html (+6ms) 
02:18:18   ├─ /v2026-08-20/ja/events/danvoyce-awesome-creative-tech-events/index.html (+7ms) 
02:18:18   ├─ /v2026-08-20/en/miscellaneous/airscripts-awesome-steam-deck/index.html (+7ms) 
02:18:18   ├─ /v2026-08-20/ja/miscellaneous/airscripts-awesome-steam-deck/index.html (+7ms) 
02:18:18   ├─ /v2026-08-20/en/miscellaneous/alexk111-awesome-bitcoin-payment-processors/index.html (+7ms) 
02:18:18   ├─ /v2026-08-20/ja/miscellaneous/alexk111-awesome-bitcoin-payment-processors/index.html (+7ms) 
02:18:18   ├─ /v2026-08-20/en/miscellaneous/ansible-community-awesome-ansible/index.html (+6ms) 
02:18:18   ├─ /v2026-08-20/ja/miscellaneous/ansible-community-awesome-ansible/index.html (+7ms) 
02:18:18   ├─ /v2026-08-20/en/miscellaneous/APA-Technology-Division-urban-and-regional-planning-resources/index.html (+9ms) 
02:18:18   ├─ /v2026-08-20/ja/miscellaneous/APA-Technology-Division-urban-and-regional-planning-resources/index.html (+11ms) 
02:18:18   ├─ /v2026-08-20/en/miscellaneous/atkirtland-awesome-computational-geometry/index.html (+7ms) 
02:18:18   ├─ /v2026-08-20/ja/miscellaneous/atkirtland-awesome-computational-geometry/index.html (+7ms) 
02:18:18   ├─ /v2026-08-20/en/miscellaneous/BubuAnabelas-awesome-markdown/index.html (+7ms) 
02:18:18   ├─ /v2026-08-20/ja/miscellaneous/BubuAnabelas-awesome-markdown/index.html (+7ms) 
02:18:18   ├─ /v2026-08-20/en/miscellaneous/burningtree-awesome-json/index.html (+7ms) 
02:18:18   ├─ /v2026-08-20/ja/miscellaneous/burningtree-awesome-json/index.html (+7ms) 
02:18:18   ├─ /v2026-08-20/en/miscellaneous/bvolpato-awesome-userscripts/index.html (+8ms) 
02:18:18   ├─ /v2026-08-20/ja/miscellaneous/bvolpato-awesome-userscripts/index.html (+8ms) 
02:18:18   ├─ /v2026-08-20/en/miscellaneous/catalinmiron-awesome-prisma/index.html (+6ms) 
02:18:18   ├─ /v2026-08-20/ja/miscellaneous/catalinmiron-awesome-prisma/index.html (+6ms) 
02:18:18   ├─ /v2026-08-20/en/miscellaneous/Code-and-Sorts-awesome-copilot-agents/index.html (+6ms) 
02:18:18   ├─ /v2026-08-20/ja/miscellaneous/Code-and-Sorts-awesome-copilot-agents/index.html (+7ms) 
02:18:18   ├─ /v2026-08-20/en/miscellaneous/Codepoints-awesome-codepoints/index.html (+7ms) 
02:18:18   ├─ /v2026-08-20/ja/miscellaneous/Codepoints-awesome-codepoints/index.html (+6ms) 
02:18:18   ├─ /v2026-08-20/en/miscellaneous/cytodata-awesome-cytodata/index.html (+6ms) 
02:18:18   ├─ /v2026-08-20/ja/miscellaneous/cytodata-awesome-cytodata/index.html (+7ms) 
02:18:18   ├─ /v2026-08-20/en/miscellaneous/dastergon-awesome-sre/index.html (+8ms) 
02:18:18   ├─ /v2026-08-20/ja/miscellaneous/dastergon-awesome-sre/index.html (+10ms) 
02:18:18   ├─ /v2026-08-20/en/miscellaneous/DavidLambauer-awesome-magento2/index.html (+7ms) 
02:18:18   ├─ /v2026-08-20/ja/miscellaneous/DavidLambauer-awesome-magento2/index.html (+8ms) 
02:18:18   ├─ /v2026-08-20/en/miscellaneous/dersvenhesse-awesome-scriptable/index.html (+7ms) 
02:18:18   ├─ /v2026-08-20/ja/miscellaneous/dersvenhesse-awesome-scriptable/index.html (+7ms) 
02:18:18   ├─ /v2026-08-20/en/miscellaneous/donBarbos-awesome-standards/index.html (+6ms) 
02:18:18   ├─ /v2026-08-20/ja/miscellaneous/donBarbos-awesome-standards/index.html (+7ms) 
02:18:18   ├─ /v2026-08-20/en/miscellaneous/dstdev-awesome-hpc/index.html (+6ms) 
02:18:18   ├─ /v2026-08-20/ja/miscellaneous/dstdev-awesome-hpc/index.html (+7ms) 
02:18:18   ├─ /v2026-08-20/en/miscellaneous/edm00se-awesome-board-games/index.html (+13ms) 
02:18:18   ├─ /v2026-08-20/ja/miscellaneous/edm00se-awesome-board-games/index.html (+11ms) 
02:18:18   ├─ /v2026-08-20/en/miscellaneous/eminyagiz42-awesome-sap-commerce/index.html (+7ms) 
02:18:18   ├─ /v2026-08-20/ja/miscellaneous/eminyagiz42-awesome-sap-commerce/index.html (+7ms) 
02:18:18   ├─ /v2026-08-20/en/miscellaneous/FoxFil-awesome-geocaching/index.html (+6ms) 
02:18:18   ├─ /v2026-08-20/ja/miscellaneous/FoxFil-awesome-geocaching/index.html (+6ms) 
02:18:18   ├─ /v2026-08-20/en/miscellaneous/gruhn-awesome-naming/index.html (+7ms) 
02:18:18   ├─ /v2026-08-20/ja/miscellaneous/gruhn-awesome-naming/index.html (+9ms) 
02:18:18   ├─ /v2026-08-20/en/miscellaneous/hackerkid-bots/index.html (+7ms) 
02:18:18   ├─ /v2026-08-20/ja/miscellaneous/hackerkid-bots/index.html (+7ms) 
02:18:18   ├─ /v2026-08-20/en/miscellaneous/hallvaaw-awesome-biological-image-analysis/index.html (+6ms) 
02:18:18   ├─ /v2026-08-20/ja/miscellaneous/hallvaaw-awesome-biological-image-analysis/index.html (+7ms) 
02:18:18   ├─ /v2026-08-20/en/miscellaneous/hobbyquaker-awesome-mqtt/index.html (+7ms) 
02:18:18   ├─ /v2026-08-20/ja/miscellaneous/hobbyquaker-awesome-mqtt/index.html (+8ms) 
02:18:18   ├─ /v2026-08-20/en/miscellaneous/idematos-awesome-permacomputing/index.html (+7ms) 
02:18:18   ├─ /v2026-08-20/ja/miscellaneous/idematos-awesome-permacomputing/index.html (+7ms) 
02:18:18   ├─ /v2026-08-20/en/miscellaneous/iipc-awesome-web-archiving/index.html (+7ms) 
02:18:19   ├─ /v2026-08-20/ja/miscellaneous/iipc-awesome-web-archiving/index.html (+8ms) 
02:18:19   ├─ /v2026-08-20/en/miscellaneous/inoue0426-awesome-computational-biology/index.html (+7ms) 
02:18:19   ├─ /v2026-08-20/ja/miscellaneous/inoue0426-awesome-computational-biology/index.html (+8ms) 
02:18:19   ├─ /v2026-08-20/en/miscellaneous/jagracey-Awesome-Unicode/index.html (+8ms) 
02:18:19   ├─ /v2026-08-20/ja/miscellaneous/jagracey-Awesome-Unicode/index.html (+8ms) 
02:18:19   ├─ /v2026-08-20/en/miscellaneous/johnjago-awesome-ad-free/index.html (+7ms) 
02:18:19   ├─ /v2026-08-20/ja/miscellaneous/johnjago-awesome-ad-free/index.html (+7ms) 
02:18:19   ├─ /v2026-08-20/en/miscellaneous/johnjago-awesome-free-software/index.html (+7ms) 
02:18:19   ├─ /v2026-08-20/ja/miscellaneous/johnjago-awesome-free-software/index.html (+10ms) 
02:18:19   ├─ /v2026-08-20/en/miscellaneous/johnjago-awesome-theravada/index.html (+7ms) 
02:18:19   ├─ /v2026-08-20/ja/miscellaneous/johnjago-awesome-theravada/index.html (+7ms) 
02:18:19   ├─ /v2026-08-20/en/miscellaneous/johnjago-awesome-uncopyright/index.html (+6ms) 
02:18:19   ├─ /v2026-08-20/ja/miscellaneous/johnjago-awesome-uncopyright/index.html (+7ms) 
02:18:19   ├─ /v2026-08-20/en/miscellaneous/kdeldycke-awesome-falsehood/index.html (+7ms) 
02:18:19   ├─ /v2026-08-20/ja/miscellaneous/kdeldycke-awesome-falsehood/index.html (+7ms) 
02:18:19   ├─ /v2026-08-20/en/miscellaneous/keller-mark-awesome-biological-visualizations/index.html (+6ms) 
02:18:19   ├─ /v2026-08-20/ja/miscellaneous/keller-mark-awesome-biological-visualizations/index.html (+7ms) 
02:18:19   ├─ /v2026-08-20/en/miscellaneous/kyleterry-awesome-radio/index.html (+7ms) 
02:18:19   ├─ /v2026-08-20/ja/miscellaneous/kyleterry-awesome-radio/index.html (+6ms) 
02:18:19   ├─ /v2026-08-20/en/miscellaneous/lunohodov-awesome-astrophotography/index.html (+7ms) 
02:18:19   ├─ /v2026-08-20/ja/miscellaneous/lunohodov-awesome-astrophotography/index.html (+7ms) 
02:18:19   ├─ /v2026-08-20/en/miscellaneous/lutzh-awesome-event-driven-architecture/index.html (+6ms) 
02:18:19   ├─ /v2026-08-20/ja/miscellaneous/lutzh-awesome-event-driven-architecture/index.html (+7ms) 
02:18:19   ├─ /v2026-08-20/en/miscellaneous/marmelab-awesome-rest/index.html (+7ms) 
02:18:19   ├─ /v2026-08-20/ja/miscellaneous/marmelab-awesome-rest/index.html (+7ms) 
02:18:19   ├─ /v2026-08-20/en/miscellaneous/mbiesiad-awesome-translations/index.html (+7ms) 
02:18:19   ├─ /v2026-08-20/ja/miscellaneous/mbiesiad-awesome-translations/index.html (+9ms) 
02:18:19   ├─ /v2026-08-20/en/miscellaneous/mcanouil-awesome-quarto/index.html (+8ms) 
02:18:19   ├─ /v2026-08-20/ja/miscellaneous/mcanouil-awesome-quarto/index.html (+7ms) 
02:18:19   ├─ /v2026-08-20/en/miscellaneous/mfornos-awesome-microservices/index.html (+7ms) 
02:18:19   ├─ /v2026-08-20/ja/miscellaneous/mfornos-awesome-microservices/index.html (+8ms) 
02:18:19   ├─ /v2026-08-20/en/miscellaneous/mislavcimpersak-awesome-dev-fun/index.html (+7ms) 
02:18:19   ├─ /v2026-08-20/ja/miscellaneous/mislavcimpersak-awesome-dev-fun/index.html (+7ms) 
02:18:19   ├─ /v2026-08-20/en/miscellaneous/MobilityData-awesome-transit/index.html (+8ms) 
02:18:19   ├─ /v2026-08-20/ja/miscellaneous/MobilityData-awesome-transit/index.html (+8ms) 
02:18:19   ├─ /v2026-08-20/en/miscellaneous/mourarthur-awesome-credit-modeling/index.html (+7ms) 
02:18:19   ├─ /v2026-08-20/ja/miscellaneous/mourarthur-awesome-credit-modeling/index.html (+7ms) 
02:18:19   ├─ /v2026-08-20/en/miscellaneous/msub2-awesome-webxr/index.html (+6ms) 
02:18:19   ├─ /v2026-08-20/ja/miscellaneous/msub2-awesome-webxr/index.html (+7ms) 
02:18:19   ├─ /v2026-08-20/en/miscellaneous/MyHoneyBadger-awesome-github-wiki/index.html (+6ms) 
02:18:19   ├─ /v2026-08-20/ja/miscellaneous/MyHoneyBadger-awesome-github-wiki/index.html (+7ms) 
02:18:19   ├─ /v2026-08-20/en/miscellaneous/nayafia-awesome-maintainers/index.html (+6ms) 
02:18:19   ├─ /v2026-08-20/ja/miscellaneous/nayafia-awesome-maintainers/index.html (+7ms) 
02:18:19   ├─ /v2026-08-20/en/miscellaneous/nschloe-awesome-scientific-computing/index.html (+6ms) 
02:18:19   ├─ /v2026-08-20/ja/miscellaneous/nschloe-awesome-scientific-computing/index.html (+7ms) 
02:18:19   ├─ /v2026-08-20/en/miscellaneous/osmlab-awesome-openstreetmap/index.html (+10ms) 
02:18:19   ├─ /v2026-08-20/ja/miscellaneous/osmlab-awesome-openstreetmap/index.html (+8ms) 
02:18:19   ├─ /v2026-08-20/en/miscellaneous/Piebald-AI-awesome-gemini-cli/index.html (+8ms) 
02:18:19   ├─ /v2026-08-20/ja/miscellaneous/Piebald-AI-awesome-gemini-cli/index.html (+7ms) 
02:18:19   ├─ /v2026-08-20/en/miscellaneous/roaldnefs-awesome-prometheus/index.html (+6ms) 
02:18:19   ├─ /v2026-08-20/ja/miscellaneous/roaldnefs-awesome-prometheus/index.html (+7ms) 
02:18:19   ├─ /v2026-08-20/en/miscellaneous/sampart-awesome-tech-ethics/index.html (+6ms) 
02:18:19   ├─ /v2026-08-20/ja/miscellaneous/sampart-awesome-tech-ethics/index.html (+7ms) 
02:18:19   ├─ /v2026-08-20/en/miscellaneous/ScaleLeap-awesome-amazon-seller/index.html (+6ms) 
02:18:19   ├─ /v2026-08-20/ja/miscellaneous/ScaleLeap-awesome-amazon-seller/index.html (+7ms) 
02:18:19   ├─ /v2026-08-20/en/miscellaneous/schlessera-awesome-wp-cli/index.html (+6ms) 
02:18:19   ├─ /v2026-08-20/ja/miscellaneous/schlessera-awesome-wp-cli/index.html (+7ms) 
02:18:19   ├─ /v2026-08-20/en/miscellaneous/sdassow-awesome-veganism/index.html (+7ms) 
02:18:19   ├─ /v2026-08-20/ja/miscellaneous/sdassow-awesome-veganism/index.html (+6ms) 
02:18:19   ├─ /v2026-08-20/en/miscellaneous/secretGeek-awesomeCSV/index.html (+7ms) 
02:18:19   ├─ /v2026-08-20/ja/miscellaneous/secretGeek-awesomeCSV/index.html (+7ms) 
02:18:19   ├─ /v2026-08-20/en/miscellaneous/sfischer13-awesome-ledger/index.html (+6ms) 
02:18:19   ├─ /v2026-08-20/ja/miscellaneous/sfischer13-awesome-ledger/index.html (+6ms) 
02:18:19   ├─ /v2026-08-20/en/miscellaneous/Siddharth11-Colorful/index.html (+6ms) 
02:18:19   ├─ /v2026-08-20/ja/miscellaneous/Siddharth11-Colorful/index.html (+9ms) 
02:18:19   ├─ /v2026-08-20/en/miscellaneous/simskij-awesome-software-architecture/index.html (+7ms) 
02:18:19   ├─ /v2026-08-20/ja/miscellaneous/simskij-awesome-software-architecture/index.html (+7ms) 
02:18:19   ├─ /v2026-08-20/en/miscellaneous/sindresorhus-awesome-chatgpt/index.html (+7ms) 
02:18:19   ├─ /v2026-08-20/ja/miscellaneous/sindresorhus-awesome-chatgpt/index.html (+6ms) 
02:18:19   ├─ /v2026-08-20/en/miscellaneous/sindresorhus-awesome-whisper/index.html (+6ms) 
02:18:19   ├─ /v2026-08-20/ja/miscellaneous/sindresorhus-awesome-whisper/index.html (+6ms) 
02:18:19   ├─ /v2026-08-20/en/miscellaneous/stackshareio-awesome-stacks/index.html (+8ms) 
02:18:19   ├─ /v2026-08-20/ja/miscellaneous/stackshareio-awesome-stacks/index.html (+8ms) 
02:18:19   ├─ /v2026-08-20/en/miscellaneous/thomasbnt-awesome-web-monetization/index.html (+6ms) 
02:18:19   ├─ /v2026-08-20/ja/miscellaneous/thomasbnt-awesome-web-monetization/index.html (+7ms) 
02:18:19   ├─ /v2026-08-20/en/miscellaneous/tmcw-awesome-geojson/index.html (+7ms) 
02:18:19   ├─ /v2026-08-20/ja/miscellaneous/tmcw-awesome-geojson/index.html (+7ms) 
02:18:19   ├─ /v2026-08-20/en/miscellaneous/ttt30ga-awesome-product-design/index.html (+7ms) 
02:18:19   ├─ /v2026-08-20/ja/miscellaneous/ttt30ga-awesome-product-design/index.html (+7ms) 
02:18:19   ├─ /v2026-08-20/en/miscellaneous/writing-resources-awesome-scientific-writing/index.html (+7ms) 
02:18:19   ├─ /v2026-08-20/ja/miscellaneous/writing-resources-awesome-scientific-writing/index.html (+7ms) 
02:18:19   ├─ /v2026-08-20/en/miscellaneous/zachflower-awesome-open-source-supporters/index.html (+7ms) 
02:18:19   ├─ /v2026-08-20/ja/miscellaneous/zachflower-awesome-open-source-supporters/index.html (+7ms) 
02:18:19   ├─ /v2026-08-20/en/miscellaneous/Zheaoli-awesome-coins/index.html (+9ms) 
02:18:19   ├─ /v2026-08-20/ja/miscellaneous/Zheaoli-awesome-coins/index.html (+7ms) 
02:18:19   ├─ /v2026-08-20/en/miscellaneous/ZYSzys-awesome-captcha/index.html (+7ms) 
02:18:19   ├─ /v2026-08-20/ja/miscellaneous/ZYSzys-awesome-captcha/index.html (+7ms) 
02:18:19   ├─ /v2026-08-20/en/related/basharovV-StumbleUponAwesome/index.html (+7ms) 
02:18:19   ├─ /v2026-08-20/ja/related/basharovV-StumbleUponAwesome/index.html (+7ms) 
02:18:19   ├─ /v2026-08-20/en/related/umutphp-awesome-cli/index.html (+6ms) 
02:18:19   ├─ /v2026-08-20/ja/related/umutphp-awesome-cli/index.html (+7ms) 
02:18:19   ├─ /v2026-08-23/en/books/dariubs-GoBooks/index.html (+9ms) 
02:18:19   ├─ /v2026-08-23/ja/books/dariubs-GoBooks/index.html (+9ms) 
02:18:19   ├─ /v2026-08-23/en/books/EbookFoundation-free-programming-books/index.html (+7ms) 
02:18:19   ├─ /v2026-08-23/ja/books/EbookFoundation-free-programming-books/index.html (+7ms) 
02:18:19   ├─ /v2026-08-23/en/books/hackerkid-Mind-Expanding-Books/index.html (+8ms) 
02:18:19   ├─ /v2026-08-23/ja/books/hackerkid-Mind-Expanding-Books/index.html (+9ms) 
02:18:19   ├─ /v2026-08-23/en/books/RomanTsegelskyi-rbooks/index.html (+6ms) 
02:18:19   ├─ /v2026-08-23/ja/books/RomanTsegelskyi-rbooks/index.html (+7ms) 
02:18:19   ├─ /v2026-08-23/en/books/sger-ElixirBooks/index.html (+8ms) 
02:18:19   ├─ /v2026-08-23/ja/books/sger-ElixirBooks/index.html (+10ms) 
02:18:19   ├─ /v2026-08-23/en/books/TalAter-awesome-book-authoring/index.html (+7ms) 
02:18:19   ├─ /v2026-08-23/ja/books/TalAter-awesome-book-authoring/index.html (+7ms) 
02:18:19   ├─ /v2026-08-23/en/learn/dend-awesome-product-management/index.html (+8ms) 
02:18:19   ├─ /v2026-08-23/ja/learn/dend-awesome-product-management/index.html (+8ms) 
02:18:19   ├─ /v2026-08-23/en/learn/dribdat-awesome-hackathon/index.html (+7ms) 
02:18:19   ├─ /v2026-08-23/ja/learn/dribdat-awesome-hackathon/index.html (+7ms) 
02:18:19   ├─ /v2026-08-23/en/learn/HollyAdele-awesome-programming-for-kids/index.html (+6ms) 
02:18:19   ├─ /v2026-08-23/ja/learn/HollyAdele-awesome-programming-for-kids/index.html (+7ms) 
02:18:19   ├─ /v2026-08-23/en/learn/JoseDeFreitas-awesome-youtubers/index.html (+9ms) 
02:18:19   ├─ /v2026-08-23/ja/learn/JoseDeFreitas-awesome-youtubers/index.html (+10ms) 
02:18:19   ├─ /v2026-08-23/en/learn/karlhorky-learn-to-program/index.html (+7ms) 
02:18:19   ├─ /v2026-08-23/ja/learn/karlhorky-learn-to-program/index.html (+7ms) 
02:18:19   ├─ /v2026-08-23/en/learn/liuchong-awesome-roadmaps/index.html (+7ms) 
02:18:19   ├─ /v2026-08-23/ja/learn/liuchong-awesome-roadmaps/index.html (+6ms) 
02:18:19   ├─ /v2026-08-23/en/learn/lucasviola-awesome-tech-videos/index.html (+7ms) 
02:18:19   ├─ /v2026-08-23/ja/learn/lucasviola-awesome-tech-videos/index.html (+7ms) 
02:18:19   ├─ /v2026-08-23/en/learn/matteofigus-awesome-speaking/index.html (+6ms) 
02:18:19   ├─ /v2026-08-23/ja/learn/matteofigus-awesome-speaking/index.html (+9ms) 
02:18:19   ├─ /v2026-08-23/en/learn/micromata-awesome-css-learning/index.html (+7ms) 
02:18:19   ├─ /v2026-08-23/ja/learn/micromata-awesome-css-learning/index.html (+7ms) 
02:18:19   ├─ /v2026-08-23/en/learn/micromata-awesome-javascript-learning/index.html (+6ms) 
02:18:19   ├─ /v2026-08-23/ja/learn/micromata-awesome-javascript-learning/index.html (+7ms) 
02:18:19   ├─ /v2026-08-23/en/learn/PanXProject-awesome-certificates/index.html (+7ms) 
02:18:19   ├─ /v2026-08-23/ja/learn/PanXProject-awesome-certificates/index.html (+8ms) 
02:18:19   ├─ /v2026-08-23/en/learn/RahulBirCodes-awesome-steam/index.html (+7ms) 
02:18:19   ├─ /v2026-08-23/ja/learn/RahulBirCodes-awesome-steam/index.html (+6ms) 
02:18:19   ├─ /v2026-08-23/en/learn/therebelrobot-awesome-workshopper/index.html (+6ms) 
02:18:19   ├─ /v2026-08-23/ja/learn/therebelrobot-awesome-workshopper/index.html (+7ms) 
02:18:19   ├─ /v2026-08-23/en/learn/watson-awesome-computer-history/index.html (+7ms) 
02:18:19   ├─ /v2026-08-23/ja/learn/watson-awesome-computer-history/index.html (+7ms) 
02:18:19   ├─ /v2026-08-23/en/learn/yrgo-awesome-educational-games/index.html (+6ms) 
02:18:19   ├─ /v2026-08-23/ja/learn/yrgo-awesome-educational-games/index.html (+7ms) 
02:18:19   ├─ /v2026-08-23/en/business/agamm-awesome-developer-first/index.html (+7ms) 
02:18:19   ├─ /v2026-08-23/ja/business/agamm-awesome-developer-first/index.html (+9ms) 
02:18:19   ├─ /v2026-08-23/en/business/aleixmorgadas-awesome-engineering-strategy/index.html (+8ms) 
02:18:19   ├─ /v2026-08-23/ja/business/aleixmorgadas-awesome-engineering-strategy/index.html (+9ms) 
02:18:19   ├─ /v2026-08-23/en/business/cjbarber-ToolsOfTheTrade/index.html (+10ms) 
02:18:19   ├─ /v2026-08-23/ja/business/cjbarber-ToolsOfTheTrade/index.html (+11ms) 
02:18:20   ├─ /v2026-08-23/en/business/domenicosolazzo-awesome-okr/index.html (+7ms) 
02:18:20   ├─ /v2026-08-23/ja/business/domenicosolazzo-awesome-okr/index.html (+7ms) 
02:18:20   ├─ /v2026-08-23/en/business/kdeldycke-awesome-billing/index.html (+8ms) 
02:18:20   ├─ /v2026-08-23/ja/business/kdeldycke-awesome-billing/index.html (+9ms) 
02:18:20   ├─ /v2026-08-23/en/business/kdeldycke-awesome-engineering-team-management/index.html (+9ms) 
02:18:20   ├─ /v2026-08-23/ja/business/kdeldycke-awesome-engineering-team-management/index.html (+10ms) 
02:18:20   ├─ /v2026-08-23/en/business/mezod-awesome-indie/index.html (+7ms) 
02:18:20   ├─ /v2026-08-23/ja/business/mezod-awesome-indie/index.html (+7ms) 
02:18:20   ├─ /v2026-08-23/en/business/mmccaff-PlacesToPostYourStartup/index.html (+7ms) 
02:18:20   ├─ /v2026-08-23/ja/business/mmccaff-PlacesToPostYourStartup/index.html (+7ms) 
02:18:20   ├─ /v2026-08-23/en/business/nglgzz-awesome-clean-tech/index.html (+6ms) 
02:18:20   ├─ /v2026-08-23/ja/business/nglgzz-awesome-clean-tech/index.html (+7ms) 
02:18:20   ├─ /v2026-08-23/en/business/opencompany-awesome-open-company/index.html (+7ms) 
02:18:20   ├─ /v2026-08-23/ja/business/opencompany-awesome-open-company/index.html (+7ms) 
02:18:20   ├─ /v2026-08-23/en/business/RayBB-awesome-social-enterprise/index.html (+9ms) 
02:18:20   ├─ /v2026-08-23/ja/business/RayBB-awesome-social-enterprise/index.html (+8ms) 
02:18:20   ├─ /v2026-08-23/en/business/wardley-maps-community-awesome-wardley-maps/index.html (+8ms) 
02:18:20   ├─ /v2026-08-23/ja/business/wardley-maps-community-awesome-wardley-maps/index.html (+8ms) 
02:18:20   ├─ /v2026-08-23/en/work/filipelinhares-awesome-slack/index.html (+7ms) 
02:18:20   ├─ /v2026-08-23/ja/work/filipelinhares-awesome-slack/index.html (+8ms) 
02:18:20   ├─ /v2026-08-23/en/work/j0hnm4r5-awesome-creative-technology/index.html (+8ms) 
02:18:20   ├─ /v2026-08-23/ja/work/j0hnm4r5-awesome-creative-technology/index.html (+9ms) 
02:18:20   ├─ /v2026-08-23/en/work/joho-awesome-code-review/index.html (+7ms) 
02:18:20   ├─ /v2026-08-23/ja/work/joho-awesome-code-review/index.html (+7ms) 
02:18:20   ├─ /v2026-08-23/en/work/jyguyomarch-awesome-productivity/index.html (+7ms) 
02:18:20   ├─ /v2026-08-23/ja/work/jyguyomarch-awesome-productivity/index.html (+8ms) 
02:18:20   ├─ /v2026-08-23/en/work/lukasz-madon-awesome-remote-job/index.html (+9ms) 
02:18:20   ├─ /v2026-08-23/ja/work/lukasz-madon-awesome-remote-job/index.html (+9ms) 
02:18:20   ├─ /v2026-08-23/en/work/matiassingers-awesome-slack/index.html (+7ms) 
02:18:20   ├─ /v2026-08-23/ja/work/matiassingers-awesome-slack/index.html (+8ms) 
02:18:20   ├─ /v2026-08-23/en/work/tramcar-awesome-job-boards/index.html (+7ms) 
02:18:20   ├─ /v2026-08-23/ja/work/tramcar-awesome-job-boards/index.html (+10ms) 
02:18:20   ├─ /v2026-08-23/en/events/awkward-awesome-netherlands-events/index.html (+7ms) 
02:18:20   ├─ /v2026-08-23/ja/events/awkward-awesome-netherlands-events/index.html (+7ms) 
02:18:20   ├─ /v2026-08-23/en/events/danvoyce-awesome-creative-tech-events/index.html (+7ms) 
02:18:20   ├─ /v2026-08-23/ja/events/danvoyce-awesome-creative-tech-events/index.html (+7ms) 
02:18:20   ├─ /v2026-08-23/en/events/ildoc-awesome-italy-events/index.html (+6ms) 
02:18:20   ├─ /v2026-08-23/ja/events/ildoc-awesome-italy-events/index.html (+7ms) 
02:18:20   ├─ /v2026-08-23/en/miscellaneous/0xnr-awesome-analytics/index.html (+7ms) 
02:18:20   ├─ /v2026-08-23/ja/miscellaneous/0xnr-awesome-analytics/index.html (+7ms) 
02:18:20   ├─ /v2026-08-23/en/miscellaneous/AchoArnold-discount-for-student-dev/index.html (+7ms) 
02:18:20   ├─ /v2026-08-23/ja/miscellaneous/AchoArnold-discount-for-student-dev/index.html (+7ms) 
02:18:20   ├─ /v2026-08-23/en/miscellaneous/airscripts-awesome-steam-deck/index.html (+7ms) 
02:18:20   ├─ /v2026-08-23/ja/miscellaneous/airscripts-awesome-steam-deck/index.html (+8ms) 
02:18:20   ├─ /v2026-08-23/en/miscellaneous/alexk111-awesome-bitcoin-payment-processors/index.html (+7ms) 
02:18:20   ├─ /v2026-08-23/ja/miscellaneous/alexk111-awesome-bitcoin-payment-processors/index.html (+7ms) 
02:18:20   ├─ /v2026-08-23/en/miscellaneous/alferov-awesome-gulp/index.html (+7ms) 
02:18:20   ├─ /v2026-08-23/ja/miscellaneous/alferov-awesome-gulp/index.html (+8ms) 
02:18:20   ├─ /v2026-08-23/en/miscellaneous/andrewda-awesome-frc/index.html (+6ms) 
02:18:20   ├─ /v2026-08-23/ja/miscellaneous/andrewda-awesome-frc/index.html (+8ms) 
02:18:20   ├─ /v2026-08-23/en/miscellaneous/ansible-community-awesome-ansible/index.html (+7ms) 
02:18:20   ├─ /v2026-08-23/ja/miscellaneous/ansible-community-awesome-ansible/index.html (+7ms) 
02:18:20   ├─ /v2026-08-23/en/miscellaneous/antontarasenko-awesome-economics/index.html (+8ms) 
02:18:20   ├─ /v2026-08-23/ja/miscellaneous/antontarasenko-awesome-economics/index.html (+8ms) 
02:18:20   ├─ /v2026-08-23/en/miscellaneous/APA-Technology-Division-urban-and-regional-planning-resources/index.html (+9ms) 
02:18:20   ├─ /v2026-08-23/ja/miscellaneous/APA-Technology-Division-urban-and-regional-planning-resources/index.html (+9ms) 
02:18:20   ├─ /v2026-08-23/en/miscellaneous/atkirtland-awesome-computational-geometry/index.html (+7ms) 
02:18:20   ├─ /v2026-08-23/ja/miscellaneous/atkirtland-awesome-computational-geometry/index.html (+8ms) 
02:18:20   ├─ /v2026-08-23/en/miscellaneous/aviaryan-awesome-no-login-web-apps/index.html (+8ms) 
02:18:20   ├─ /v2026-08-23/ja/miscellaneous/aviaryan-awesome-no-login-web-apps/index.html (+7ms) 
02:18:20   ├─ /v2026-08-23/en/miscellaneous/awesome-selfhosted-awesome-selfhosted/index.html (+13ms) 
02:18:20   ├─ /v2026-08-23/ja/miscellaneous/awesome-selfhosted-awesome-selfhosted/index.html (+14ms) 
02:18:20   ├─ /v2026-08-23/en/miscellaneous/brycejohnston-awesome-agriculture/index.html (+7ms) 
02:18:20   ├─ /v2026-08-23/ja/miscellaneous/brycejohnston-awesome-agriculture/index.html (+7ms) 
02:18:20   ├─ /v2026-08-23/en/miscellaneous/BubuAnabelas-awesome-markdown/index.html (+8ms) 
02:18:20   ├─ /v2026-08-23/ja/miscellaneous/BubuAnabelas-awesome-markdown/index.html (+10ms) 
02:18:20   ├─ /v2026-08-23/en/miscellaneous/burningtree-awesome-json/index.html (+8ms) 
02:18:20   ├─ /v2026-08-23/ja/miscellaneous/burningtree-awesome-json/index.html (+8ms) 
02:18:20   ├─ /v2026-08-23/en/miscellaneous/bvolpato-awesome-userscripts/index.html (+9ms) 
02:18:20   ├─ /v2026-08-23/ja/miscellaneous/bvolpato-awesome-userscripts/index.html (+9ms) 
02:18:20   ├─ /v2026-08-23/en/miscellaneous/catalinmiron-awesome-prisma/index.html (+7ms) 
02:18:20   ├─ /v2026-08-23/ja/miscellaneous/catalinmiron-awesome-prisma/index.html (+8ms) 
02:18:20   ├─ /v2026-08-23/en/miscellaneous/cenoura-awesome-ads/index.html (+7ms) 
02:18:20   ├─ /v2026-08-23/ja/miscellaneous/cenoura-awesome-ads/index.html (+7ms) 
02:18:20   ├─ /v2026-08-23/en/miscellaneous/chentsulin-awesome-graphql/index.html (+8ms) 
02:18:20   ├─ /v2026-08-23/ja/miscellaneous/chentsulin-awesome-graphql/index.html (+9ms) 
02:18:20   ├─ /v2026-08-23/en/miscellaneous/cicdops-awesome-ciandcd/index.html (+7ms) 
02:18:20   ├─ /v2026-08-23/ja/miscellaneous/cicdops-awesome-ciandcd/index.html (+7ms) 
02:18:20   ├─ /v2026-08-23/en/miscellaneous/Code-and-Sorts-awesome-copilot-agents/index.html (+7ms) 
02:18:20   ├─ /v2026-08-23/ja/miscellaneous/Code-and-Sorts-awesome-copilot-agents/index.html (+8ms) 
02:18:20   ├─ /v2026-08-23/en/miscellaneous/Codepoints-awesome-codepoints/index.html (+7ms) 
02:18:20   ├─ /v2026-08-23/ja/miscellaneous/Codepoints-awesome-codepoints/index.html (+8ms) 
02:18:20   ├─ /v2026-08-23/en/miscellaneous/cristianoliveira-awesome4girls/index.html (+9ms) 
02:18:20   ├─ /v2026-08-23/ja/miscellaneous/cristianoliveira-awesome4girls/index.html (+9ms) 
02:18:20   ├─ /v2026-08-23/en/miscellaneous/cytodata-awesome-cytodata/index.html (+7ms) 
02:18:20   ├─ /v2026-08-23/ja/miscellaneous/cytodata-awesome-cytodata/index.html (+8ms) 
02:18:20   ├─ /v2026-08-23/en/miscellaneous/danielecook-Awesome-Bioinformatics/index.html (+8ms) 
02:18:20   ├─ /v2026-08-23/ja/miscellaneous/danielecook-Awesome-Bioinformatics/index.html (+9ms) 
02:18:20   ├─ /v2026-08-23/en/miscellaneous/dastergon-awesome-sre/index.html (+8ms) 
02:18:20   ├─ /v2026-08-23/ja/miscellaneous/dastergon-awesome-sre/index.html (+9ms) 
02:18:20   ├─ /v2026-08-23/en/miscellaneous/DataDaoDe-awesome-foss-apps/index.html (+8ms) 
02:18:20   ├─ /v2026-08-23/ja/miscellaneous/DataDaoDe-awesome-foss-apps/index.html (+7ms) 
02:18:20   ├─ /v2026-08-23/en/miscellaneous/DavidLambauer-awesome-magento2/index.html (+8ms) 
02:18:20   ├─ /v2026-08-23/ja/miscellaneous/DavidLambauer-awesome-magento2/index.html (+9ms) 
02:18:20   ├─ /v2026-08-23/en/miscellaneous/davisonio-awesome-irc/index.html (+7ms) 
02:18:20   ├─ /v2026-08-23/ja/miscellaneous/davisonio-awesome-irc/index.html (+8ms) 
02:18:20   ├─ /v2026-08-23/en/miscellaneous/dersvenhesse-awesome-scriptable/index.html (+8ms) 
02:18:20   ├─ /v2026-08-23/ja/miscellaneous/dersvenhesse-awesome-scriptable/index.html (+7ms) 
02:18:20   ├─ /v2026-08-23/en/miscellaneous/donBarbos-awesome-standards/index.html (+7ms) 
02:18:20   ├─ /v2026-08-23/ja/miscellaneous/donBarbos-awesome-standards/index.html (+9ms) 
02:18:20   ├─ /v2026-08-23/en/miscellaneous/drewrwilson-toolsforactivism/index.html (+9ms) 
02:18:20   ├─ /v2026-08-23/ja/miscellaneous/drewrwilson-toolsforactivism/index.html (+7ms) 
02:18:20   ├─ /v2026-08-23/en/miscellaneous/dstdev-awesome-hpc/index.html (+8ms) 
02:18:20   ├─ /v2026-08-23/ja/miscellaneous/dstdev-awesome-hpc/index.html (+7ms) 
02:18:20   ├─ /v2026-08-23/en/miscellaneous/dylanrees-citizen-science/index.html (+7ms) 
02:18:20   ├─ /v2026-08-23/ja/miscellaneous/dylanrees-citizen-science/index.html (+7ms) 
02:18:20   ├─ /v2026-08-23/en/miscellaneous/ecohealthalliance-awesome-parasite/index.html (+7ms) 
02:18:20   ├─ /v2026-08-23/ja/miscellaneous/ecohealthalliance-awesome-parasite/index.html (+6ms) 
02:18:20   ├─ /v2026-08-23/en/miscellaneous/edm00se-awesome-board-games/index.html (+14ms) 
02:18:20   ├─ /v2026-08-23/ja/miscellaneous/edm00se-awesome-board-games/index.html (+13ms) 
02:18:20   ├─ /v2026-08-23/en/miscellaneous/egeerardyn-awesome-LaTeX/index.html (+8ms) 
02:18:20   ├─ /v2026-08-23/ja/miscellaneous/egeerardyn-awesome-LaTeX/index.html (+8ms) 
02:18:20   ├─ /v2026-08-23/en/miscellaneous/eminyagiz42-awesome-sap-commerce/index.html (+7ms) 
02:18:20   ├─ /v2026-08-23/ja/miscellaneous/eminyagiz42-awesome-sap-commerce/index.html (+7ms) 
02:18:20   ├─ /v2026-08-23/en/miscellaneous/emptymalei-awesome-research/index.html (+9ms) 
02:18:20   ├─ /v2026-08-23/ja/miscellaneous/emptymalei-awesome-research/index.html (+7ms) 
02:18:20   ├─ /v2026-08-23/en/miscellaneous/eug-awesome-opengl/index.html (+7ms) 
02:18:20   ├─ /v2026-08-23/ja/miscellaneous/eug-awesome-opengl/index.html (+7ms) 
02:18:20   ├─ /v2026-08-23/en/miscellaneous/exAspArk-awesome-chatops/index.html (+7ms) 
02:18:20   ├─ /v2026-08-23/ja/miscellaneous/exAspArk-awesome-chatops/index.html (+8ms) 
02:18:20   ├─ /v2026-08-23/en/miscellaneous/FoxFil-awesome-geocaching/index.html (+6ms) 
02:18:20   ├─ /v2026-08-23/ja/miscellaneous/FoxFil-awesome-geocaching/index.html (+7ms) 
02:18:20   ├─ /v2026-08-23/en/miscellaneous/gamontal-awesome-katas/index.html (+7ms) 
02:18:20   ├─ /v2026-08-23/ja/miscellaneous/gamontal-awesome-katas/index.html (+7ms) 
02:18:20   ├─ /v2026-08-23/en/miscellaneous/gruhn-awesome-naming/index.html (+7ms) 
02:18:20   ├─ /v2026-08-23/ja/miscellaneous/gruhn-awesome-naming/index.html (+7ms) 
02:18:20   ├─ /v2026-08-23/en/miscellaneous/hackerkid-bots/index.html (+7ms) 
02:18:21   ├─ /v2026-08-23/ja/miscellaneous/hackerkid-bots/index.html (+7ms) 
02:18:21   ├─ /v2026-08-23/en/miscellaneous/hallvaaw-awesome-biological-image-analysis/index.html (+7ms) 
02:18:21   ├─ /v2026-08-23/ja/miscellaneous/hallvaaw-awesome-biological-image-analysis/index.html (+8ms) 
02:18:21   ├─ /v2026-08-23/en/miscellaneous/hesreallyhim-awesome-claude-code/index.html (+7ms) 
02:18:21   ├─ /v2026-08-23/ja/miscellaneous/hesreallyhim-awesome-claude-code/index.html (+9ms) 
02:18:21   ├─ /v2026-08-23/en/miscellaneous/heynickc-awesome-ddd/index.html (+9ms) 
02:18:21   ├─ /v2026-08-23/ja/miscellaneous/heynickc-awesome-ddd/index.html (+8ms) 
02:18:21   ├─ /v2026-08-23/en/miscellaneous/hobbyquaker-awesome-mqtt/index.html (+8ms) 
02:18:21   ├─ /v2026-08-23/ja/miscellaneous/hobbyquaker-awesome-mqtt/index.html (+8ms) 
02:18:21   ├─ /v2026-08-23/en/miscellaneous/homematic-community-awesome-homematic/index.html (+8ms) 
02:18:21   ├─ /v2026-08-23/ja/miscellaneous/homematic-community-awesome-homematic/index.html (+8ms) 
02:18:21   ├─ /v2026-08-23/en/miscellaneous/hsiaoyi0504-awesome-cheminformatics/index.html (+7ms) 
02:18:21   ├─ /v2026-08-23/ja/miscellaneous/hsiaoyi0504-awesome-cheminformatics/index.html (+8ms) 
02:18:21   ├─ /v2026-08-23/en/miscellaneous/ibaaj-awesome-OpenSourcePhotography/index.html (+7ms) 
02:18:21   ├─ /v2026-08-23/ja/miscellaneous/ibaaj-awesome-OpenSourcePhotography/index.html (+8ms) 
02:18:21   ├─ /v2026-08-23/en/miscellaneous/idematos-awesome-permacomputing/index.html (+8ms) 
02:18:21   ├─ /v2026-08-23/ja/miscellaneous/idematos-awesome-permacomputing/index.html (+7ms) 
02:18:21   ├─ /v2026-08-23/en/miscellaneous/iipc-awesome-web-archiving/index.html (+8ms) 
02:18:21   ├─ /v2026-08-23/ja/miscellaneous/iipc-awesome-web-archiving/index.html (+7ms) 
02:18:21   ├─ /v2026-08-23/en/miscellaneous/inoue0426-awesome-computational-biology/index.html (+8ms) 
02:18:21   ├─ /v2026-08-23/ja/miscellaneous/inoue0426-awesome-computational-biology/index.html (+8ms) 
02:18:21   ├─ /v2026-08-23/en/miscellaneous/inspectit-labs-awesome-inspectit/index.html (+8ms) 
02:18:21   ├─ /v2026-08-23/ja/miscellaneous/inspectit-labs-awesome-inspectit/index.html (+8ms) 
02:18:21   ├─ /v2026-08-23/en/miscellaneous/jagracey-Awesome-Unicode/index.html (+9ms) 
02:18:21   ├─ /v2026-08-23/ja/miscellaneous/jagracey-Awesome-Unicode/index.html (+9ms) 
02:18:21   ├─ /v2026-08-23/en/miscellaneous/javierluraschi-awesome-dataviz/index.html (+7ms) 
02:18:21   ├─ /v2026-08-23/ja/miscellaneous/javierluraschi-awesome-dataviz/index.html (+8ms) 
02:18:21   ├─ /v2026-08-23/en/miscellaneous/johnjago-awesome-ad-free/index.html (+7ms) 
02:18:21   ├─ /v2026-08-23/ja/miscellaneous/johnjago-awesome-ad-free/index.html (+7ms) 
02:18:21   ├─ /v2026-08-23/en/miscellaneous/johnjago-awesome-free-software/index.html (+8ms) 
02:18:21   ├─ /v2026-08-23/ja/miscellaneous/johnjago-awesome-free-software/index.html (+8ms) 
02:18:21   ├─ /v2026-08-23/en/miscellaneous/johnjago-awesome-theravada/index.html (+7ms) 
02:18:21   ├─ /v2026-08-23/ja/miscellaneous/johnjago-awesome-theravada/index.html (+8ms) 
02:18:21   ├─ /v2026-08-23/en/miscellaneous/johnjago-awesome-uncopyright/index.html (+7ms) 
02:18:21   ├─ /v2026-08-23/ja/miscellaneous/johnjago-awesome-uncopyright/index.html (+8ms) 
02:18:21   ├─ /v2026-08-23/en/miscellaneous/jzarca01-awesome-food/index.html (+8ms) 
02:18:21   ├─ /v2026-08-23/ja/miscellaneous/jzarca01-awesome-food/index.html (+7ms) 
02:18:21   ├─ /v2026-08-23/en/miscellaneous/karlhorky-awesome-speakers/index.html (+12ms) 
02:18:21   ├─ /v2026-08-23/ja/miscellaneous/karlhorky-awesome-speakers/index.html (+11ms) 
02:18:21   ├─ /v2026-08-23/en/miscellaneous/kdeldycke-awesome-falsehood/index.html (+8ms) 
02:18:21   ├─ /v2026-08-23/ja/miscellaneous/kdeldycke-awesome-falsehood/index.html (+8ms) 
02:18:21   ├─ /v2026-08-23/en/miscellaneous/keller-mark-awesome-biological-visualizations/index.html (+7ms) 
02:18:21   ├─ /v2026-08-23/ja/miscellaneous/keller-mark-awesome-biological-visualizations/index.html (+8ms) 
02:18:21   ├─ /v2026-08-23/en/miscellaneous/kilimchoi-engineering-blogs/index.html (+7ms) 
02:18:21   ├─ /v2026-08-23/ja/miscellaneous/kilimchoi-engineering-blogs/index.html (+8ms) 
02:18:21   ├─ /v2026-08-23/en/miscellaneous/kyleterry-awesome-radio/index.html (+8ms) 
02:18:21   ├─ /v2026-08-23/ja/miscellaneous/kyleterry-awesome-radio/index.html (+8ms) 
02:18:21   ├─ /v2026-08-23/en/miscellaneous/lunohodov-awesome-astrophotography/index.html (+7ms) 
02:18:21   ├─ /v2026-08-23/ja/miscellaneous/lunohodov-awesome-astrophotography/index.html (+8ms) 
02:18:21   ├─ /v2026-08-23/en/miscellaneous/lutzh-awesome-event-driven-architecture/index.html (+7ms) 
02:18:21   ├─ /v2026-08-23/ja/miscellaneous/lutzh-awesome-event-driven-architecture/index.html (+7ms) 
02:18:21   ├─ /v2026-08-23/en/miscellaneous/make-github-pseudonymous-again-awesome-qr-code/index.html (+7ms) 
02:18:21   ├─ /v2026-08-23/ja/miscellaneous/make-github-pseudonymous-again-awesome-qr-code/index.html (+8ms) 
02:18:21   ├─ /v2026-08-23/en/miscellaneous/markusschanta-awesome-jupyter/index.html (+9ms) 
02:18:21   ├─ /v2026-08-23/ja/miscellaneous/markusschanta-awesome-jupyter/index.html (+8ms) 
02:18:21   ├─ /v2026-08-23/en/miscellaneous/marmelab-awesome-rest/index.html (+8ms) 
02:18:21   ├─ /v2026-08-23/ja/miscellaneous/marmelab-awesome-rest/index.html (+8ms) 
02:18:21   ├─ /v2026-08-23/en/miscellaneous/matiassingers-awesome-readme/index.html (+8ms) 
02:18:21   ├─ /v2026-08-23/ja/miscellaneous/matiassingers-awesome-readme/index.html (+8ms) 
02:18:21   ├─ /v2026-08-23/en/miscellaneous/mbiesiad-awesome-translations/index.html (+7ms) 
02:18:21   ├─ /v2026-08-23/ja/miscellaneous/mbiesiad-awesome-translations/index.html (+8ms) 
02:18:21   ├─ /v2026-08-23/en/miscellaneous/mcanouil-awesome-quarto/index.html (+8ms) 
02:18:21   ├─ /v2026-08-23/ja/miscellaneous/mcanouil-awesome-quarto/index.html (+9ms) 
02:18:21   ├─ /v2026-08-23/en/miscellaneous/melvin0008-awesome-projects-boilerplates/index.html (+7ms) 
02:18:21   ├─ /v2026-08-23/ja/miscellaneous/melvin0008-awesome-projects-boilerplates/index.html (+8ms) 
02:18:21   ├─ /v2026-08-23/en/miscellaneous/mfornos-awesome-microservices/index.html (+9ms) 
02:18:21   ├─ /v2026-08-23/ja/miscellaneous/mfornos-awesome-microservices/index.html (+9ms) 
02:18:21   ├─ /v2026-08-23/en/miscellaneous/mislavcimpersak-awesome-dev-fun/index.html (+7ms) 
02:18:21   ├─ /v2026-08-23/ja/miscellaneous/mislavcimpersak-awesome-dev-fun/index.html (+8ms) 
02:18:21   ├─ /v2026-08-23/en/miscellaneous/mmcgrana-services-engineering/index.html (+7ms) 
02:18:21   ├─ /v2026-08-23/ja/miscellaneous/mmcgrana-services-engineering/index.html (+10ms) 
02:18:21   ├─ /v2026-08-23/en/miscellaneous/MobilityData-awesome-transit/index.html (+9ms) 
02:18:21   ├─ /v2026-08-23/ja/miscellaneous/MobilityData-awesome-transit/index.html (+9ms) 
02:18:21   ├─ /v2026-08-23/en/miscellaneous/mourarthur-awesome-credit-modeling/index.html (+8ms) 
02:18:21   ├─ /v2026-08-23/ja/miscellaneous/mourarthur-awesome-credit-modeling/index.html (+8ms) 
02:18:21   ├─ /v2026-08-23/en/miscellaneous/msub2-awesome-webxr/index.html (+7ms) 
02:18:21   ├─ /v2026-08-23/ja/miscellaneous/msub2-awesome-webxr/index.html (+8ms) 
02:18:21   ├─ /v2026-08-23/en/miscellaneous/MunGell-awesome-for-beginners/index.html (+8ms) 
02:18:21   ├─ /v2026-08-23/ja/miscellaneous/MunGell-awesome-for-beginners/index.html (+9ms) 
02:18:21   ├─ /v2026-08-23/en/miscellaneous/MyHoneyBadger-awesome-github-wiki/index.html (+7ms) 
02:18:21   ├─ /v2026-08-23/ja/miscellaneous/MyHoneyBadger-awesome-github-wiki/index.html (+7ms) 
02:18:21   ├─ /v2026-08-23/en/miscellaneous/NARKOZ-guides/index.html (+7ms) 
02:18:21   ├─ /v2026-08-23/ja/miscellaneous/NARKOZ-guides/index.html (+7ms) 
02:18:21   ├─ /v2026-08-23/en/miscellaneous/nayafia-awesome-maintainers/index.html (+7ms) 
02:18:21   ├─ /v2026-08-23/ja/miscellaneous/nayafia-awesome-maintainers/index.html (+7ms) 
02:18:21   ├─ /v2026-08-23/en/miscellaneous/nicolesaidy-awesome-web-design/index.html (+8ms) 
02:18:21   ├─ /v2026-08-23/ja/miscellaneous/nicolesaidy-awesome-web-design/index.html (+7ms) 
02:18:21   ├─ /v2026-08-23/en/miscellaneous/nschloe-awesome-scientific-computing/index.html (+9ms) 
02:18:21   ├─ /v2026-08-23/ja/miscellaneous/nschloe-awesome-scientific-computing/index.html (+8ms) 
02:18:21   ├─ /v2026-08-23/en/miscellaneous/osmlab-awesome-openstreetmap/index.html (+8ms) 
02:18:21   ├─ /v2026-08-23/ja/miscellaneous/osmlab-awesome-openstreetmap/index.html (+8ms) 
02:18:21   ├─ /v2026-08-23/en/miscellaneous/philsturgeon-awesome-earth/index.html (+9ms) 
02:18:21   ├─ /v2026-08-23/ja/miscellaneous/philsturgeon-awesome-earth/index.html (+8ms) 
02:18:21   ├─ /v2026-08-23/en/miscellaneous/Piebald-AI-awesome-gemini-cli/index.html (+8ms) 
02:18:21   ├─ /v2026-08-23/ja/miscellaneous/Piebald-AI-awesome-gemini-cli/index.html (+8ms) 
02:18:21   ├─ /v2026-08-23/en/miscellaneous/podo-awesome-framer/index.html (+7ms) 
02:18:21   ├─ /v2026-08-23/ja/miscellaneous/podo-awesome-framer/index.html (+7ms) 
02:18:21   ├─ /v2026-08-23/en/miscellaneous/readthedocs-examples-awesome-read-the-docs/index.html (+8ms) 
02:18:21   ├─ /v2026-08-23/ja/miscellaneous/readthedocs-examples-awesome-read-the-docs/index.html (+8ms) 
02:18:21   ├─ /v2026-08-23/en/miscellaneous/ripienaar-free-for-dev/index.html (+11ms) 
02:18:21   ├─ /v2026-08-23/ja/miscellaneous/ripienaar-free-for-dev/index.html (+11ms) 
02:18:21   ├─ /v2026-08-23/en/miscellaneous/roaldnefs-awesome-prometheus/index.html (+7ms) 
02:18:21   ├─ /v2026-08-23/ja/miscellaneous/roaldnefs-awesome-prometheus/index.html (+8ms) 
02:18:21   ├─ /v2026-08-23/en/miscellaneous/robinstickel-awesome-design-principles/index.html (+7ms) 
02:18:21   ├─ /v2026-08-23/ja/miscellaneous/robinstickel-awesome-design-principles/index.html (+9ms) 
02:18:21   ├─ /v2026-08-23/en/miscellaneous/sampart-awesome-tech-ethics/index.html (+7ms) 
02:18:21   ├─ /v2026-08-23/ja/miscellaneous/sampart-awesome-tech-ethics/index.html (+7ms) 
02:18:21   ├─ /v2026-08-23/en/miscellaneous/ScaleLeap-awesome-amazon-seller/index.html (+8ms) 
02:18:21   ├─ /v2026-08-23/ja/miscellaneous/ScaleLeap-awesome-amazon-seller/index.html (+8ms) 
02:18:21   ├─ /v2026-08-23/en/miscellaneous/schlessera-awesome-wp-cli/index.html (+7ms) 
02:18:21   ├─ /v2026-08-23/ja/miscellaneous/schlessera-awesome-wp-cli/index.html (+8ms) 
02:18:21   ├─ /v2026-08-23/en/miscellaneous/scholtzm-awesome-steam/index.html (+7ms) 
02:18:21   ├─ /v2026-08-23/ja/miscellaneous/scholtzm-awesome-steam/index.html (+8ms) 
02:18:21   ├─ /v2026-08-23/en/miscellaneous/sdassow-awesome-veganism/index.html (+7ms) 
02:18:21   ├─ /v2026-08-23/ja/miscellaneous/sdassow-awesome-veganism/index.html (+8ms) 
02:18:21   ├─ /v2026-08-23/en/miscellaneous/secretGeek-awesomeCSV/index.html (+7ms) 
02:18:21   ├─ /v2026-08-23/ja/miscellaneous/secretGeek-awesomeCSV/index.html (+7ms) 
02:18:21   ├─ /v2026-08-23/en/miscellaneous/sfischer13-awesome-ledger/index.html (+7ms) 
02:18:21   ├─ /v2026-08-23/ja/miscellaneous/sfischer13-awesome-ledger/index.html (+8ms) 
02:18:21   ├─ /v2026-08-23/en/miscellaneous/shi-rudo-awesome-stock-trading/index.html (+7ms) 
02:18:21   ├─ /v2026-08-23/ja/miscellaneous/shi-rudo-awesome-stock-trading/index.html (+7ms) 
02:18:21   ├─ /v2026-08-23/en/miscellaneous/Siddharth11-Colorful/index.html (+7ms) 
02:18:21   ├─ /v2026-08-23/ja/miscellaneous/Siddharth11-Colorful/index.html (+9ms) 
02:18:21   ├─ /v2026-08-23/en/miscellaneous/simskij-awesome-software-architecture/index.html (+7ms) 
02:18:21   ├─ /v2026-08-23/ja/miscellaneous/simskij-awesome-software-architecture/index.html (+8ms) 
02:18:21   ├─ /v2026-08-23/en/miscellaneous/sindresorhus-amas/index.html (+7ms) 
02:18:21   ├─ /v2026-08-23/ja/miscellaneous/sindresorhus-amas/index.html (+7ms) 
02:18:22   ├─ /v2026-08-23/en/miscellaneous/sindresorhus-awesome-chatgpt/index.html (+8ms) 
02:18:22   ├─ /v2026-08-23/ja/miscellaneous/sindresorhus-awesome-chatgpt/index.html (+8ms) 
02:18:22   ├─ /v2026-08-23/en/miscellaneous/sindresorhus-awesome-whisper/index.html (+7ms) 
02:18:22   ├─ /v2026-08-23/ja/miscellaneous/sindresorhus-awesome-whisper/index.html (+7ms) 
02:18:22   ├─ /v2026-08-23/en/miscellaneous/slevithan-awesome-regex/index.html (+8ms) 
02:18:22   ├─ /v2026-08-23/ja/miscellaneous/slevithan-awesome-regex/index.html (+9ms) 
02:18:22   ├─ /v2026-08-23/en/miscellaneous/stackshareio-awesome-stacks/index.html (+9ms) 
02:18:22   ├─ /v2026-08-23/ja/miscellaneous/stackshareio-awesome-stacks/index.html (+9ms) 
02:18:22   ├─ /v2026-08-23/en/miscellaneous/stevesong-awesome-connectivity-info/index.html (+8ms) 
02:18:22   ├─ /v2026-08-23/ja/miscellaneous/stevesong-awesome-connectivity-info/index.html (+8ms) 
02:18:22   ├─ /v2026-08-23/en/miscellaneous/stoeffel-awesome-ama-answers/index.html (+7ms) 
02:18:22   ├─ /v2026-08-23/ja/miscellaneous/stoeffel-awesome-ama-answers/index.html (+7ms) 
02:18:22   ├─ /v2026-08-23/en/miscellaneous/sublimino-awesome-funny-markov/index.html (+9ms) 
02:18:22   ├─ /v2026-08-23/ja/miscellaneous/sublimino-awesome-funny-markov/index.html (+8ms) 
02:18:22   ├─ /v2026-08-23/en/miscellaneous/terkelg-awesome-creative-coding/index.html (+9ms) 
02:18:22   ├─ /v2026-08-23/ja/miscellaneous/terkelg-awesome-creative-coding/index.html (+9ms) 
02:18:22   ├─ /v2026-08-23/en/miscellaneous/thomasbnt-awesome-web-monetization/index.html (+7ms) 
02:18:22   ├─ /v2026-08-23/ja/miscellaneous/thomasbnt-awesome-web-monetization/index.html (+7ms) 
02:18:22   ├─ /v2026-08-23/en/miscellaneous/tmcw-awesome-geojson/index.html (+7ms) 
02:18:22   ├─ /v2026-08-23/ja/miscellaneous/tmcw-awesome-geojson/index.html (+7ms) 
02:18:22   ├─ /v2026-08-23/en/miscellaneous/tobiasbueschel-awesome-pokemon/index.html (+9ms) 
02:18:22   ├─ /v2026-08-23/ja/miscellaneous/tobiasbueschel-awesome-pokemon/index.html (+8ms) 
02:18:22   ├─ /v2026-08-23/en/miscellaneous/ttt30ga-awesome-product-design/index.html (+7ms) 
02:18:22   ├─ /v2026-08-23/ja/miscellaneous/ttt30ga-awesome-product-design/index.html (+8ms) 
02:18:22   ├─ /v2026-08-23/en/miscellaneous/vinjn-awesome-vulkan/index.html (+8ms) 
02:18:22   ├─ /v2026-08-23/ja/miscellaneous/vinjn-awesome-vulkan/index.html (+9ms) 
02:18:22   ├─ /v2026-08-23/en/miscellaneous/vorpaljs-awesome-vorpal/index.html (+8ms) 
02:18:22   ├─ /v2026-08-23/ja/miscellaneous/vorpaljs-awesome-vorpal/index.html (+8ms) 
02:18:22   ├─ /v2026-08-23/en/miscellaneous/woop-awesome-quantified-self/index.html (+8ms) 
02:18:22   ├─ /v2026-08-23/ja/miscellaneous/woop-awesome-quantified-self/index.html (+10ms) 
02:18:22   ├─ /v2026-08-23/en/miscellaneous/writing-resources-awesome-scientific-writing/index.html (+8ms) 
02:18:22   ├─ /v2026-08-23/ja/miscellaneous/writing-resources-awesome-scientific-writing/index.html (+8ms) 
02:18:22   ├─ /v2026-08-23/en/miscellaneous/xen0l-awesome-dtrace/index.html (+8ms) 
02:18:22   ├─ /v2026-08-23/ja/miscellaneous/xen0l-awesome-dtrace/index.html (+8ms) 
02:18:22   ├─ /v2026-08-23/en/miscellaneous/xiaohanyu-awesome-tikz/index.html (+7ms) 
02:18:22   ├─ /v2026-08-23/ja/miscellaneous/xiaohanyu-awesome-tikz/index.html (+7ms) 
02:18:22   ├─ /v2026-08-23/en/miscellaneous/xxczaki-awesome-calculators/index.html (+7ms) 
02:18:22   ├─ /v2026-08-23/ja/miscellaneous/xxczaki-awesome-calculators/index.html (+8ms) 
02:18:22   ├─ /v2026-08-23/en/miscellaneous/zachflower-awesome-open-source-supporters/index.html (+8ms) 
02:18:22   ├─ /v2026-08-23/ja/miscellaneous/zachflower-awesome-open-source-supporters/index.html (+8ms) 
02:18:22   ├─ /v2026-08-23/en/miscellaneous/Zheaoli-awesome-coins/index.html (+8ms) 
02:18:22   ├─ /v2026-08-23/ja/miscellaneous/Zheaoli-awesome-coins/index.html (+8ms) 
02:18:22   ├─ /v2026-08-23/en/miscellaneous/ZYSzys-awesome-captcha/index.html (+7ms) 
02:18:22   ├─ /v2026-08-23/ja/miscellaneous/ZYSzys-awesome-captcha/index.html (+8ms) 
02:18:22   ├─ /v2026-08-23/en/related/basharovV-StumbleUponAwesome/index.html (+8ms) 
02:18:22   ├─ /v2026-08-23/ja/related/basharovV-StumbleUponAwesome/index.html (+8ms) 
02:18:22   ├─ /v2026-08-23/en/related/umutphp-awesome-cli/index.html (+9ms) 
02:18:22   └─ /v2026-08-23/ja/related/umutphp-awesome-cli/index.html (+8ms) 
02:18:22 ✓ Completed in 4.92s.

02:18:23 [build] 526 page(s) built in 28.12s
02:18:23 [build] Complete!
【情報】fmt: 再生成します (検証済み成果物目録がありません。再ビルドしてください: fmt)
【情報】fmt をビルドしています...

> apps-fmt@0.0.1 prebuild /private/tmp/libx-fmt-import-20261002/apps/fmt
> libx-docs-prepare --projects=fmt

【情報】選択的サイドバー生成を開始します...
【情報】指定されたプロジェクト: fmt
【情報】プロジェクト fmt の処理を開始します...
  - en/v12-2-0 のサイドバーを生成中...
  - JSONファイルを保存しました: /private/tmp/libx-fmt-import-20261002/apps/fmt/public/sidebar.prepared-83417/sidebar-en-v12-2-0.json
  - ja/v12-2-0 のサイドバーを生成中...
  - JSONファイルを保存しました: /private/tmp/libx-fmt-import-20261002/apps/fmt/public/sidebar.prepared-83417/sidebar-ja-v12-2-0.json
【情報】選択的サイドバー生成が完了しました
【情報】処理したプロジェクト: fmt
検索索引 v12-2-0/en: 5ページ、81580 bytes
検索索引 v12-2-0/ja: 5ページ、93964 bytes
検索索引生成: 2件、92ms

> apps-fmt@0.0.1 build /private/tmp/libx-fmt-import-20261002/apps/fmt
> astro build

02:18:26 [content] Syncing content
02:18:26 [content] Synced content
02:18:26 [types] Generated 155ms
02:18:26 [build] output: "static"
02:18:26 [build] mode: "static"
02:18:26 [build] directory: /private/tmp/libx-fmt-import-20261002/apps/fmt/dist/
02:18:26 [build] Collecting build info...
02:18:26 [build] ✓ Completed in 171ms.
02:18:26 [build] Building static entrypoints...
02:18:27 [vite] ✓ built in 1.09s
02:18:27 [build] ✓ Completed in 1.11s.

 building client (vite) 
02:18:27 [vite] transforming...
02:18:27 [vite] ✓ 13 modules transformed.
02:18:27 [vite] rendering chunks...
02:18:27 [vite] computing gzip size...
02:18:27 [vite] dist/assets/MainLayout.astro_astro_type_script_index_0_lang.DcWlWeZ1.js        0.15 kB │ gzip: 0.15 kB
02:18:27 [vite] dist/assets/Banner.astro_astro_type_script_index_0_lang.JXV-v118.js            0.32 kB │ gzip: 0.24 kB
02:18:27 [vite] dist/assets/ThemeToggle.astro_astro_type_script_index_0_lang.BDHHZQnD.js       0.69 kB │ gzip: 0.36 kB
02:18:27 [vite] dist/assets/VersionDiff.astro_astro_type_script_index_0_lang.DQPfIGNm.js       0.69 kB │ gzip: 0.47 kB
02:18:27 [vite] dist/assets/SidebarPersister.astro_astro_type_script_index_0_lang.1HBmR04Y.js  0.79 kB │ gzip: 0.46 kB
02:18:27 [vite] dist/assets/Sidebar.astro_astro_type_script_index_0_lang.Dr4m1BH4.js           0.90 kB │ gzip: 0.38 kB
02:18:27 [vite] dist/assets/Navigation.astro_astro_type_script_index_0_lang.BxRkvq3w.js        0.97 kB │ gzip: 0.44 kB
02:18:27 [vite] dist/assets/TableOfContents.astro_astro_type_script_index_0_lang.ClgIWJ3a.js   1.05 kB │ gzip: 0.54 kB
02:18:27 [vite] dist/assets/Search.astro_astro_type_script_index_0_lang.-NPUFt0G.js            1.70 kB │ gzip: 0.92 kB
02:18:27 [vite] dist/assets/search-client.8T0gqxS2.js                                          1.97 kB │ gzip: 1.02 kB
02:18:27 [vite] dist/assets/GroupSidebar.astro_astro_type_script_index_0_lang.CHMaUHWQ.js      2.33 kB │ gzip: 1.05 kB
02:18:27 [vite] ✓ built in 36ms

 generating static routes 
02:18:27 ▶ src/pages/404.astro
02:18:27   └─ /404.html (+12ms) 
02:18:27 ▶ src/pages/[version]/[lang]/index.astro
02:18:27   ├─ /v12-2-0/en/index.html (+4ms) 
02:18:27   └─ /v12-2-0/ja/index.html (+2ms) 
02:18:27 ▶ src/pages/[version]/index.astro
02:18:27   └─ /v12-2-0/index.html (+1ms) 
02:18:27 ▶ src/pages/index.astro
02:18:27   └─ /index.html (+1ms) 
02:18:27 ▶ src/pages/[version]/[lang]/[...slug].astro
02:18:27   ├─ /v12-2-0/ja/01-docs/02-get-started/index.html (+5ms) 
02:18:27   ├─ /v12-2-0/ja/01-docs/01-home/index.html (+3ms) 
02:18:27   ├─ /v12-2-0/ja/01-docs/04-syntax/index.html (+3ms) 
02:18:27   ├─ /v12-2-0/en/01-docs/01-home/index.html (+2ms) 
02:18:27   ├─ /v12-2-0/en/01-docs/04-syntax/index.html (+2ms) 
02:18:27   ├─ /v12-2-0/en/01-docs/03-api/index.html (+3ms) 
02:18:27   ├─ /v12-2-0/en/01-docs/02-get-started/index.html (+2ms) 
02:18:27   ├─ /v12-2-0/ja/02-license/01-license/index.html (+2ms) 
02:18:27   ├─ /v12-2-0/en/02-license/01-license/index.html (+2ms) 
02:18:27   └─ /v12-2-0/ja/01-docs/03-api/index.html (+3ms) 
02:18:27 ✓ Completed in 58ms.

02:18:27 [build] 15 page(s) built in 1.39s
02:18:27 [build] Complete!
【情報】glfw: 再生成します (検証済み成果物目録がありません。再ビルドしてください: glfw)
【情報】glfw をビルドしています...

> apps-glfw@0.0.1 prebuild /private/tmp/libx-fmt-import-20261002/apps/glfw
> libx-docs-prepare --projects=glfw

【情報】選択的サイドバー生成を開始します...
【情報】指定されたプロジェクト: glfw
【情報】プロジェクト glfw の処理を開始します...
  - en/v3-5-1 のサイドバーを生成中...
  - JSONファイルを保存しました: /private/tmp/libx-fmt-import-20261002/apps/glfw/public/sidebar.prepared-83654/sidebar-en-v3-5-1.json
  - ja/v3-5-1 のサイドバーを生成中...
  - JSONファイルを保存しました: /private/tmp/libx-fmt-import-20261002/apps/glfw/public/sidebar.prepared-83654/sidebar-ja-v3-5-1.json
【情報】選択的サイドバー生成が完了しました
【情報】処理したプロジェクト: glfw
検索索引 v3-5-1/en: 36ページ、640767 bytes
検索索引 v3-5-1/ja: 36ページ、800112 bytes
検索索引生成: 2件、1026ms

> apps-glfw@0.0.1 build /private/tmp/libx-fmt-import-20261002/apps/glfw
> astro build

02:18:30 [content] Syncing content
02:18:33 [content] Synced content
02:18:33 [types] Generated 3.20s
02:18:33 [build] output: "static"
02:18:33 [build] mode: "static"
02:18:33 [build] directory: /private/tmp/libx-fmt-import-20261002/apps/glfw/dist/
02:18:33 [build] Collecting build info...
02:18:33 [build] ✓ Completed in 3.21s.
02:18:33 [build] Building static entrypoints...
02:18:34 [vite] ✓ built in 1.38s
02:18:34 [build] ✓ Completed in 1.40s.

 building client (vite) 
02:18:34 [vite] transforming...
02:18:34 [vite] ✓ 13 modules transformed.
02:18:34 [vite] rendering chunks...
02:18:34 [vite] computing gzip size...
02:18:34 [vite] dist/assets/MainLayout.astro_astro_type_script_index_0_lang.BrWmbizA.js        0.15 kB │ gzip: 0.15 kB
02:18:34 [vite] dist/assets/Banner.astro_astro_type_script_index_0_lang.JXV-v118.js            0.32 kB │ gzip: 0.24 kB
02:18:34 [vite] dist/assets/ThemeToggle.astro_astro_type_script_index_0_lang.BDHHZQnD.js       0.69 kB │ gzip: 0.36 kB
02:18:34 [vite] dist/assets/VersionDiff.astro_astro_type_script_index_0_lang.DQPfIGNm.js       0.69 kB │ gzip: 0.47 kB
02:18:34 [vite] dist/assets/SidebarPersister.astro_astro_type_script_index_0_lang.1HBmR04Y.js  0.79 kB │ gzip: 0.46 kB
02:18:34 [vite] dist/assets/Sidebar.astro_astro_type_script_index_0_lang.Dr4m1BH4.js           0.90 kB │ gzip: 0.38 kB
02:18:34 [vite] dist/assets/Navigation.astro_astro_type_script_index_0_lang.BxRkvq3w.js        0.97 kB │ gzip: 0.44 kB
02:18:34 [vite] dist/assets/TableOfContents.astro_astro_type_script_index_0_lang.ClgIWJ3a.js   1.05 kB │ gzip: 0.54 kB
02:18:34 [vite] dist/assets/Search.astro_astro_type_script_index_0_lang.DdrK3QWk.js            1.71 kB │ gzip: 0.92 kB
02:18:34 [vite] dist/assets/search-client.8T0gqxS2.js                                          1.97 kB │ gzip: 1.02 kB
02:18:34 [vite] dist/assets/GroupSidebar.astro_astro_type_script_index_0_lang.CHMaUHWQ.js      2.33 kB │ gzip: 1.05 kB
02:18:34 [vite] ✓ built in 31ms

 generating static routes 
02:18:34 ▶ src/pages/404.astro
02:18:34   └─ /404.html (+39ms) 
02:18:34 ▶ src/pages/[version]/[lang]/index.astro
02:18:34   ├─ /v3-5-1/en/index.html (+6ms) 
02:18:34   └─ /v3-5-1/ja/index.html (+7ms) 
02:18:34 ▶ src/pages/[version]/index.astro
02:18:34   └─ /v3-5-1/index.html (+1ms) 
02:18:34 ▶ src/pages/index.astro
02:18:34   └─ /index.html (+1ms) 
02:18:34 ▶ src/pages/[version]/[lang]/[...slug].astro
02:18:34   ├─ /v3-5-1/en/01-overview/01-introduction/index.html (+6ms) 
02:18:34   ├─ /v3-5-1/en/03-guides/07-standards-conformance/index.html (+5ms) 
02:18:34   ├─ /v3-5-1/en/03-guides/08-internal-structure/index.html (+4ms) 
02:18:34   ├─ /v3-5-1/en/03-guides/06-vulkan-guide/index.html (+5ms) 
02:18:34   ├─ /v3-5-1/en/03-guides/03-monitor-guide/index.html (+9ms) 
02:18:34   ├─ /v3-5-1/en/03-guides/01-introduction-to-the-api/index.html (+12ms) 
02:18:35   ├─ /v3-5-1/en/03-guides/02-context-guide/index.html (+7ms) 
02:18:35   ├─ /v3-5-1/en/03-guides/04-window-guide/index.html (+4ms) 
02:18:35   ├─ /v3-5-1/en/04-reference/01-initialization-version-error/index.html (+4ms) 
02:18:35   ├─ /v3-5-1/en/03-guides/05-input-guide/index.html (+6ms) 
02:18:35   ├─ /v3-5-1/en/04-reference/02-error-codes/index.html (+4ms) 
02:18:35   ├─ /v3-5-1/en/04-reference/04-context-reference/index.html (+3ms) 
02:18:35   ├─ /v3-5-1/en/04-reference/05-monitor-reference/index.html (+4ms) 
02:18:35   ├─ /v3-5-1/en/04-reference/03-window-reference/index.html (+8ms) 
02:18:35   ├─ /v3-5-1/en/04-reference/07-vulkan-support-reference/index.html (+6ms) 
02:18:35   ├─ /v3-5-1/en/04-reference/08-native-access/index.html (+4ms) 
02:18:35   ├─ /v3-5-1/en/04-reference/09-keyboard-key-tokens/index.html (+4ms) 
02:18:35   ├─ /v3-5-1/en/04-reference/06-input-reference/index.html (+4ms) 
02:18:35   ├─ /v3-5-1/en/04-reference/10-modifier-key-flags/index.html (+3ms) 
02:18:35   ├─ /v3-5-1/en/04-reference/11-mouse-buttons/index.html (+3ms) 
02:18:35   ├─ /v3-5-1/en/04-reference/12-joysticks/index.html (+3ms) 
02:18:35   ├─ /v3-5-1/en/04-reference/13-joystick-hat-states/index.html (+4ms) 
02:18:35   ├─ /v3-5-1/en/04-reference/14-gamepad-buttons/index.html (+3ms) 
02:18:35   ├─ /v3-5-1/en/04-reference/15-gamepad-axes/index.html (+3ms) 
02:18:35   ├─ /v3-5-1/en/04-reference/16-standard-cursor-shapes/index.html (+3ms) 
02:18:35   ├─ /v3-5-1/en/04-reference/17-glfwallocator/index.html (+3ms) 
02:18:35   ├─ /v3-5-1/en/04-reference/18-glfwgamepadstate/index.html (+3ms) 
02:18:35   ├─ /v3-5-1/en/04-reference/20-glfwimage/index.html (+3ms) 
02:18:35   ├─ /v3-5-1/en/04-reference/19-glfwgammaramp/index.html (+4ms) 
02:18:35   ├─ /v3-5-1/en/04-reference/21-glfwvidmode/index.html (+5ms) 
02:18:35   ├─ /v3-5-1/en/04-reference/22-deprecated-list/index.html (+3ms) 
02:18:35   ├─ /v3-5-1/en/05-migration-and-history/01-moving-from-2-to-3/index.html (+4ms) 
02:18:35   ├─ /v3-5-1/en/05-migration-and-history/02-release-notes/index.html (+3ms) 
02:18:35   ├─ /v3-5-1/en/02-getting-started/02-compiling-glfw/index.html (+3ms) 
02:18:35   ├─ /v3-5-1/en/02-getting-started/03-building-applications/index.html (+5ms) 
02:18:35   ├─ /v3-5-1/en/02-getting-started/01-getting-started/index.html (+4ms) 
02:18:35   ├─ /v3-5-1/ja/01-overview/01-introduction/index.html (+3ms) 
02:18:35   ├─ /v3-5-1/ja/02-getting-started/01-getting-started/index.html (+3ms) 
02:18:35   ├─ /v3-5-1/ja/02-getting-started/02-compiling-glfw/index.html (+3ms) 
02:18:35   ├─ /v3-5-1/ja/02-getting-started/03-building-applications/index.html (+3ms) 
02:18:35   ├─ /v3-5-1/ja/04-reference/02-error-codes/index.html (+3ms) 
02:18:35   ├─ /v3-5-1/ja/04-reference/01-initialization-version-error/index.html (+4ms) 
02:18:35   ├─ /v3-5-1/ja/04-reference/04-context-reference/index.html (+3ms) 
02:18:35   ├─ /v3-5-1/ja/04-reference/05-monitor-reference/index.html (+3ms) 
02:18:35   ├─ /v3-5-1/ja/04-reference/03-window-reference/index.html (+5ms) 
02:18:35   ├─ /v3-5-1/ja/04-reference/06-input-reference/index.html (+4ms) 
02:18:35   ├─ /v3-5-1/ja/04-reference/07-vulkan-support-reference/index.html (+3ms) 
02:18:35   ├─ /v3-5-1/ja/04-reference/08-native-access/index.html (+5ms) 
02:18:35   ├─ /v3-5-1/ja/04-reference/09-keyboard-key-tokens/index.html (+4ms) 
02:18:35   ├─ /v3-5-1/ja/04-reference/10-modifier-key-flags/index.html (+3ms) 
02:18:35   ├─ /v3-5-1/ja/04-reference/11-mouse-buttons/index.html (+3ms) 
02:18:35   ├─ /v3-5-1/ja/04-reference/12-joysticks/index.html (+3ms) 
02:18:35   ├─ /v3-5-1/ja/04-reference/13-joystick-hat-states/index.html (+3ms) 
02:18:35   ├─ /v3-5-1/ja/04-reference/14-gamepad-buttons/index.html (+4ms) 
02:18:35   ├─ /v3-5-1/ja/04-reference/15-gamepad-axes/index.html (+3ms) 
02:18:35   ├─ /v3-5-1/ja/04-reference/16-standard-cursor-shapes/index.html (+3ms) 
02:18:35   ├─ /v3-5-1/ja/04-reference/17-glfwallocator/index.html (+3ms) 
02:18:35   ├─ /v3-5-1/ja/04-reference/18-glfwgamepadstate/index.html (+3ms) 
02:18:35   ├─ /v3-5-1/ja/04-reference/19-glfwgammaramp/index.html (+3ms) 
02:18:35   ├─ /v3-5-1/ja/04-reference/20-glfwimage/index.html (+5ms) 
02:18:35   ├─ /v3-5-1/ja/04-reference/21-glfwvidmode/index.html (+3ms) 
02:18:35   ├─ /v3-5-1/ja/05-migration-and-history/01-moving-from-2-to-3/index.html (+3ms) 
02:18:35   ├─ /v3-5-1/ja/05-migration-and-history/02-release-notes/index.html (+3ms) 
02:18:35   ├─ /v3-5-1/ja/04-reference/22-deprecated-list/index.html (+2ms) 
02:18:35   ├─ /v3-5-1/ja/03-guides/01-introduction-to-the-api/index.html (+3ms) 
02:18:35   ├─ /v3-5-1/ja/03-guides/02-context-guide/index.html (+3ms) 
02:18:35   ├─ /v3-5-1/ja/03-guides/03-monitor-guide/index.html (+4ms) 
02:18:35   ├─ /v3-5-1/ja/03-guides/04-window-guide/index.html (+4ms) 
02:18:35   ├─ /v3-5-1/ja/03-guides/05-input-guide/index.html (+4ms) 
02:18:35   ├─ /v3-5-1/ja/03-guides/06-vulkan-guide/index.html (+3ms) 
02:18:35   ├─ /v3-5-1/ja/03-guides/07-standards-conformance/index.html (+3ms) 
02:18:35   └─ /v3-5-1/ja/03-guides/08-internal-structure/index.html (+3ms) 
02:18:35 ✓ Completed in 349ms.

02:18:35 [build] 77 page(s) built in 5.00s
02:18:35 [build] Complete!
【情報】lua: 再生成します (検証済み成果物目録がありません。再ビルドしてください: lua)
【情報】lua をビルドしています...

> apps-lua@0.0.1 prebuild /private/tmp/libx-fmt-import-20261002/apps/lua
> libx-docs-prepare --projects=lua

【情報】選択的サイドバー生成を開始します...
【情報】指定されたプロジェクト: lua
【情報】プロジェクト lua の処理を開始します...
  - en/v5-5-1 のサイドバーを生成中...
  - JSONファイルを保存しました: /private/tmp/libx-fmt-import-20261002/apps/lua/public/sidebar.prepared-83948/sidebar-en-v5-5-1.json
  - ja/v5-5-1 のサイドバーを生成中...
  - JSONファイルを保存しました: /private/tmp/libx-fmt-import-20261002/apps/lua/public/sidebar.prepared-83948/sidebar-ja-v5-5-1.json
【情報】選択的サイドバー生成が完了しました
【情報】処理したプロジェクト: lua
検索索引 v5-5-1/en: 57ページ、354430 bytes
検索索引 v5-5-1/ja: 57ページ、426297 bytes
検索索引生成: 2件、325ms

> apps-lua@0.0.1 build /private/tmp/libx-fmt-import-20261002/apps/lua
> astro build

02:18:37 [content] Syncing content
02:18:38 [content] Synced content
02:18:38 [types] Generated 1.49s
02:18:38 [build] output: "static"
02:18:38 [build] mode: "static"
02:18:38 [build] directory: /private/tmp/libx-fmt-import-20261002/apps/lua/dist/
02:18:38 [build] Collecting build info...
02:18:38 [build] ✓ Completed in 1.51s.
02:18:38 [build] Building static entrypoints...
02:18:40 [vite] ✓ built in 1.14s
02:18:40 [build] ✓ Completed in 1.16s.

 building client (vite) 
02:18:40 [vite] transforming...
02:18:40 [vite] ✓ 13 modules transformed.
02:18:40 [vite] rendering chunks...
02:18:40 [vite] computing gzip size...
02:18:40 [vite] dist/assets/MainLayout.astro_astro_type_script_index_0_lang.BO7OkEWi.js        0.15 kB │ gzip: 0.15 kB
02:18:40 [vite] dist/assets/Banner.astro_astro_type_script_index_0_lang.JXV-v118.js            0.32 kB │ gzip: 0.24 kB
02:18:40 [vite] dist/assets/ThemeToggle.astro_astro_type_script_index_0_lang.BDHHZQnD.js       0.69 kB │ gzip: 0.36 kB
02:18:40 [vite] dist/assets/VersionDiff.astro_astro_type_script_index_0_lang.DQPfIGNm.js       0.69 kB │ gzip: 0.47 kB
02:18:40 [vite] dist/assets/SidebarPersister.astro_astro_type_script_index_0_lang.1HBmR04Y.js  0.79 kB │ gzip: 0.46 kB
02:18:40 [vite] dist/assets/Sidebar.astro_astro_type_script_index_0_lang.Dr4m1BH4.js           0.90 kB │ gzip: 0.38 kB
02:18:40 [vite] dist/assets/Navigation.astro_astro_type_script_index_0_lang.BxRkvq3w.js        0.97 kB │ gzip: 0.44 kB
02:18:40 [vite] dist/assets/TableOfContents.astro_astro_type_script_index_0_lang.ClgIWJ3a.js   1.05 kB │ gzip: 0.54 kB
02:18:40 [vite] dist/assets/Search.astro_astro_type_script_index_0_lang.D2w-a621.js            1.70 kB │ gzip: 0.92 kB
02:18:40 [vite] dist/assets/search-client.8T0gqxS2.js                                          1.97 kB │ gzip: 1.02 kB
02:18:40 [vite] dist/assets/GroupSidebar.astro_astro_type_script_index_0_lang.CHMaUHWQ.js      2.33 kB │ gzip: 1.05 kB
02:18:40 [vite] ✓ built in 34ms

 generating static routes 
02:18:40 ▶ src/pages/404.astro
02:18:40   └─ /404.html (+26ms) 
02:18:40 ▶ src/pages/[version]/[lang]/index.astro
02:18:40   ├─ /v5-5-1/en/index.html (+9ms) 
02:18:40   └─ /v5-5-1/ja/index.html (+4ms) 
02:18:40 ▶ src/pages/[version]/index.astro
02:18:40   └─ /v5-5-1/index.html (+1ms) 
02:18:40 ▶ src/pages/index.astro
02:18:40   └─ /index.html (+1ms) 
02:18:40 ▶ src/pages/[version]/[lang]/[...slug].astro
02:18:40   ├─ /v5-5-1/en/01-overview/01-about/index.html (+9ms) 
02:18:40   ├─ /v5-5-1/en/01-overview/02-installing/index.html (+6ms) 
02:18:40   ├─ /v5-5-1/en/01-overview/03-license/index.html (+6ms) 
02:18:40   ├─ /v5-5-1/en/01-overview/04-introduction/index.html (+5ms) 
02:18:40   ├─ /v5-5-1/en/03-c-api/02-stack/index.html (+5ms) 
02:18:40   ├─ /v5-5-1/en/03-c-api/03-c-closures/index.html (+7ms) 
02:18:40   ├─ /v5-5-1/en/03-c-api/04-registry/index.html (+5ms) 
02:18:40   ├─ /v5-5-1/en/03-c-api/05-error-handling-in-c/index.html (+4ms) 
02:18:40   ├─ /v5-5-1/en/03-c-api/06-handling-yields-in-c/index.html (+4ms) 
02:18:40   ├─ /v5-5-1/en/03-c-api/01-overview/index.html (+4ms) 
02:18:40   ├─ /v5-5-1/en/03-c-api/07-functions-and-types-a-c/index.html (+5ms) 
02:18:40   ├─ /v5-5-1/en/03-c-api/08-functions-and-types-concat-gc/index.html (+4ms) 
02:18:40   ├─ /v5-5-1/en/03-c-api/09-functions-and-types-get/index.html (+4ms) 
02:18:40   ├─ /v5-5-1/en/03-c-api/10-functions-and-types-i-l/index.html (+4ms) 
02:18:40   ├─ /v5-5-1/en/03-c-api/11-functions-and-types-n-pcall/index.html (+5ms) 
02:18:40   ├─ /v5-5-1/en/03-c-api/12-functions-and-types-pop-push/index.html (+4ms) 
02:18:40   ├─ /v5-5-1/en/03-c-api/14-functions-and-types-set-status/index.html (+4ms) 
02:18:40   ├─ /v5-5-1/en/03-c-api/13-functions-and-types-raw-resume/index.html (+4ms) 
02:18:40   ├─ /v5-5-1/en/03-c-api/15-functions-and-types-to-type/index.html (+4ms) 
02:18:40   ├─ /v5-5-1/en/03-c-api/16-functions-and-types-u-y/index.html (+4ms) 
02:18:40   ├─ /v5-5-1/en/03-c-api/17-debug-interface/index.html (+4ms) 
02:18:40   ├─ /v5-5-1/en/02-language/01-values-and-types/index.html (+4ms) 
02:18:40   ├─ /v5-5-1/en/02-language/02-scopes-variables-and-environments/index.html (+3ms) 
02:18:40   ├─ /v5-5-1/en/02-language/03-error-handling/index.html (+5ms) 
02:18:40   ├─ /v5-5-1/en/02-language/04-metatables-and-metamethods/index.html (+4ms) 
02:18:40   ├─ /v5-5-1/en/02-language/05-garbage-collection/index.html (+4ms) 
02:18:40   ├─ /v5-5-1/en/02-language/06-coroutines/index.html (+4ms) 
02:18:40   ├─ /v5-5-1/en/02-language/07-lexical-conventions/index.html (+4ms) 
02:18:40   ├─ /v5-5-1/en/02-language/08-variables/index.html (+3ms) 
02:18:40   ├─ /v5-5-1/en/02-language/09-statements/index.html (+4ms) 
02:18:40   ├─ /v5-5-1/en/02-language/10-expressions/index.html (+4ms) 
02:18:40   ├─ /v5-5-1/en/05-standard-library/01-overview/index.html (+3ms) 
02:18:40   ├─ /v5-5-1/en/02-language/11-complete-syntax/index.html (+4ms) 
02:18:40   ├─ /v5-5-1/en/05-standard-library/03-basic-functions/index.html (+4ms) 
02:18:40   ├─ /v5-5-1/en/05-standard-library/04-coroutine-manipulation/index.html (+4ms) 
02:18:40   ├─ /v5-5-1/en/05-standard-library/06-string-manipulation/index.html (+4ms) 
02:18:40   ├─ /v5-5-1/en/05-standard-library/02-loading-libraries-in-c/index.html (+4ms) 
02:18:40   ├─ /v5-5-1/en/05-standard-library/05-modules/index.html (+4ms) 
02:18:40   ├─ /v5-5-1/en/05-standard-library/07-utf8-support/index.html (+4ms) 
02:18:40   ├─ /v5-5-1/en/05-standard-library/08-table-manipulation/index.html (+4ms) 
02:18:40   ├─ /v5-5-1/en/05-standard-library/09-mathematical-functions/index.html (+5ms) 
02:18:40   ├─ /v5-5-1/en/05-standard-library/10-input-and-output/index.html (+5ms) 
02:18:40   ├─ /v5-5-1/en/05-standard-library/12-debug-library/index.html (+4ms) 
02:18:40   ├─ /v5-5-1/en/05-standard-library/11-operating-system/index.html (+4ms) 
02:18:40   ├─ /v5-5-1/en/06-tools/01-lua-standalone/index.html (+4ms) 
02:18:40   ├─ /v5-5-1/en/06-tools/02-lua-command/index.html (+4ms) 
02:18:40   ├─ /v5-5-1/en/06-tools/03-luac-command/index.html (+4ms) 
02:18:40   ├─ /v5-5-1/en/07-migration-and-known-issues/01-changes-since-5-4/index.html (+4ms) 
02:18:40   ├─ /v5-5-1/en/07-migration-and-known-issues/02-incompatibilities/index.html (+4ms) 
02:18:40   ├─ /v5-5-1/en/07-migration-and-known-issues/03-known-issues/index.html (+4ms) 
02:18:40   ├─ /v5-5-1/en/07-migration-and-known-issues/04-known-issues-2026-10-02/index.html (+4ms) 
02:18:40   ├─ /v5-5-1/ja/01-overview/03-license/index.html (+6ms) 
02:18:40   ├─ /v5-5-1/ja/01-overview/02-installing/index.html (+4ms) 
02:18:40   ├─ /v5-5-1/ja/01-overview/01-about/index.html (+4ms) 
02:18:40   ├─ /v5-5-1/ja/01-overview/04-introduction/index.html (+4ms) 
02:18:40   ├─ /v5-5-1/ja/02-language/02-scopes-variables-and-environments/index.html (+4ms) 
02:18:40   ├─ /v5-5-1/ja/02-language/03-error-handling/index.html (+3ms) 
02:18:40   ├─ /v5-5-1/ja/02-language/01-values-and-types/index.html (+3ms) 
02:18:40   ├─ /v5-5-1/ja/02-language/04-metatables-and-metamethods/index.html (+4ms) 
02:18:40   ├─ /v5-5-1/ja/02-language/05-garbage-collection/index.html (+4ms) 
02:18:40   ├─ /v5-5-1/ja/02-language/06-coroutines/index.html (+4ms) 
02:18:40   ├─ /v5-5-1/ja/02-language/07-lexical-conventions/index.html (+4ms) 
02:18:40   ├─ /v5-5-1/ja/02-language/09-statements/index.html (+4ms) 
02:18:40   ├─ /v5-5-1/ja/02-language/08-variables/index.html (+4ms) 
02:18:40   ├─ /v5-5-1/ja/02-language/10-expressions/index.html (+4ms) 
02:18:40   ├─ /v5-5-1/ja/02-language/11-complete-syntax/index.html (+3ms) 
02:18:40   ├─ /v5-5-1/en/04-auxiliary-library/01-overview/index.html (+3ms) 
02:18:40   ├─ /v5-5-1/en/04-auxiliary-library/02-functions-and-types-add-buffer/index.html (+4ms) 
02:18:40   ├─ /v5-5-1/en/04-auxiliary-library/03-functions-and-types-call-check/index.html (+4ms) 
02:18:40   ├─ /v5-5-1/en/04-auxiliary-library/04-functions-and-types-do-load/index.html (+5ms) 
02:18:40   ├─ /v5-5-1/ja/04-auxiliary-library/01-overview/index.html (+4ms) 
02:18:40   ├─ /v5-5-1/ja/04-auxiliary-library/02-functions-and-types-add-buffer/index.html (+4ms) 
02:18:40   ├─ /v5-5-1/en/04-auxiliary-library/06-functions-and-types-ref-where/index.html (+4ms) 
02:18:40   ├─ /v5-5-1/ja/04-auxiliary-library/03-functions-and-types-call-check/index.html (+4ms) 
02:18:40   ├─ /v5-5-1/ja/04-auxiliary-library/04-functions-and-types-do-load/index.html (+4ms) 
02:18:40   ├─ /v5-5-1/en/04-auxiliary-library/05-functions-and-types-make-push/index.html (+4ms) 
02:18:40   ├─ /v5-5-1/ja/04-auxiliary-library/05-functions-and-types-make-push/index.html (+4ms) 
02:18:40   ├─ /v5-5-1/ja/04-auxiliary-library/06-functions-and-types-ref-where/index.html (+4ms) 
02:18:40   ├─ /v5-5-1/ja/05-standard-library/02-loading-libraries-in-c/index.html (+6ms) 
02:18:40   ├─ /v5-5-1/ja/05-standard-library/01-overview/index.html (+4ms) 
02:18:40   ├─ /v5-5-1/ja/05-standard-library/03-basic-functions/index.html (+4ms) 
02:18:40   ├─ /v5-5-1/ja/05-standard-library/04-coroutine-manipulation/index.html (+3ms) 
02:18:40   ├─ /v5-5-1/ja/05-standard-library/05-modules/index.html (+5ms) 
02:18:40   ├─ /v5-5-1/ja/05-standard-library/06-string-manipulation/index.html (+5ms) 
02:18:40   ├─ /v5-5-1/ja/05-standard-library/08-table-manipulation/index.html (+4ms) 
02:18:40   ├─ /v5-5-1/ja/05-standard-library/09-mathematical-functions/index.html (+4ms) 
02:18:40   ├─ /v5-5-1/ja/05-standard-library/10-input-and-output/index.html (+4ms) 
02:18:40   ├─ /v5-5-1/ja/05-standard-library/07-utf8-support/index.html (+5ms) 
02:18:40   ├─ /v5-5-1/ja/05-standard-library/12-debug-library/index.html (+4ms) 
02:18:40   ├─ /v5-5-1/ja/05-standard-library/11-operating-system/index.html (+4ms) 
02:18:40   ├─ /v5-5-1/ja/03-c-api/01-overview/index.html (+3ms) 
02:18:40   ├─ /v5-5-1/ja/03-c-api/02-stack/index.html (+4ms) 
02:18:40   ├─ /v5-5-1/ja/03-c-api/03-c-closures/index.html (+4ms) 
02:18:40   ├─ /v5-5-1/ja/03-c-api/04-registry/index.html (+4ms) 
02:18:40   ├─ /v5-5-1/ja/03-c-api/05-error-handling-in-c/index.html (+3ms) 
02:18:40   ├─ /v5-5-1/ja/03-c-api/06-handling-yields-in-c/index.html (+3ms) 
02:18:40   ├─ /v5-5-1/ja/03-c-api/07-functions-and-types-a-c/index.html (+6ms) 
02:18:40   ├─ /v5-5-1/ja/03-c-api/08-functions-and-types-concat-gc/index.html (+5ms) 
02:18:40   ├─ /v5-5-1/ja/03-c-api/09-functions-and-types-get/index.html (+4ms) 
02:18:40   ├─ /v5-5-1/ja/03-c-api/10-functions-and-types-i-l/index.html (+4ms) 
02:18:40   ├─ /v5-5-1/ja/03-c-api/12-functions-and-types-pop-push/index.html (+5ms) 
02:18:40   ├─ /v5-5-1/ja/03-c-api/13-functions-and-types-raw-resume/index.html (+4ms) 
02:18:40   ├─ /v5-5-1/ja/03-c-api/14-functions-and-types-set-status/index.html (+4ms) 
02:18:40   ├─ /v5-5-1/ja/03-c-api/11-functions-and-types-n-pcall/index.html (+5ms) 
02:18:40   ├─ /v5-5-1/ja/03-c-api/15-functions-and-types-to-type/index.html (+6ms) 
02:18:40   ├─ /v5-5-1/ja/03-c-api/16-functions-and-types-u-y/index.html (+5ms) 
02:18:40   ├─ /v5-5-1/ja/03-c-api/17-debug-interface/index.html (+4ms) 
02:18:40   ├─ /v5-5-1/ja/07-migration-and-known-issues/01-changes-since-5-4/index.html (+4ms) 
02:18:40   ├─ /v5-5-1/ja/07-migration-and-known-issues/02-incompatibilities/index.html (+4ms) 
02:18:40   ├─ /v5-5-1/ja/07-migration-and-known-issues/03-known-issues/index.html (+4ms) 
02:18:40   ├─ /v5-5-1/ja/07-migration-and-known-issues/04-known-issues-2026-10-02/index.html (+3ms) 
02:18:40   ├─ /v5-5-1/ja/06-tools/03-luac-command/index.html (+3ms) 
02:18:40   ├─ /v5-5-1/ja/06-tools/02-lua-command/index.html (+4ms) 
02:18:40   └─ /v5-5-1/ja/06-tools/01-lua-standalone/index.html (+3ms) 
02:18:40 ✓ Completed in 527ms.

02:18:40 [build] 119 page(s) built in 3.24s
02:18:40 [build] Complete!
【情報】pugixml: 再生成します (検証済み成果物目録がありません。再ビルドしてください: pugixml)
【情報】pugixml をビルドしています...

> apps-pugixml@0.0.1 prebuild /private/tmp/libx-fmt-import-20261002/apps/pugixml
> libx-docs-prepare --projects=pugixml

【情報】選択的サイドバー生成を開始します...
【情報】指定されたプロジェクト: pugixml
【情報】プロジェクト pugixml の処理を開始します...
  - en/v1-16 のサイドバーを生成中...
  - JSONファイルを保存しました: /private/tmp/libx-fmt-import-20261002/apps/pugixml/public/sidebar.prepared-84038/sidebar-en-v1-16.json
  - ja/v1-16 のサイドバーを生成中...
  - JSONファイルを保存しました: /private/tmp/libx-fmt-import-20261002/apps/pugixml/public/sidebar.prepared-84038/sidebar-ja-v1-16.json
【情報】選択的サイドバー生成が完了しました
【情報】処理したプロジェクト: pugixml
検索索引 v1-16/en: 12ページ、259960 bytes
検索索引 v1-16/ja: 12ページ、305640 bytes
検索索引生成: 2件、363ms

> apps-pugixml@0.0.1 build /private/tmp/libx-fmt-import-20261002/apps/pugixml
> astro build

02:18:42 [content] Syncing content
02:18:44 [content] Synced content
02:18:44 [types] Generated 1.72s
02:18:44 [build] output: "static"
02:18:44 [build] mode: "static"
02:18:44 [build] directory: /private/tmp/libx-fmt-import-20261002/apps/pugixml/dist/
02:18:44 [build] Collecting build info...
02:18:44 [build] ✓ Completed in 1.74s.
02:18:44 [build] Building static entrypoints...
02:18:45 [vite] ✓ built in 1.18s
02:18:45 [build] ✓ Completed in 1.20s.

 building client (vite) 
02:18:45 [vite] transforming...
02:18:45 [vite] ✓ 13 modules transformed.
02:18:45 [vite] rendering chunks...
02:18:45 [vite] computing gzip size...
02:18:45 [vite] dist/assets/MainLayout.astro_astro_type_script_index_0_lang.dhkdvWMA.js        0.16 kB │ gzip: 0.15 kB
02:18:45 [vite] dist/assets/Banner.astro_astro_type_script_index_0_lang.JXV-v118.js            0.32 kB │ gzip: 0.24 kB
02:18:45 [vite] dist/assets/ThemeToggle.astro_astro_type_script_index_0_lang.BDHHZQnD.js       0.69 kB │ gzip: 0.36 kB
02:18:45 [vite] dist/assets/VersionDiff.astro_astro_type_script_index_0_lang.DQPfIGNm.js       0.69 kB │ gzip: 0.47 kB
02:18:45 [vite] dist/assets/SidebarPersister.astro_astro_type_script_index_0_lang.1HBmR04Y.js  0.79 kB │ gzip: 0.46 kB
02:18:45 [vite] dist/assets/Sidebar.astro_astro_type_script_index_0_lang.Dr4m1BH4.js           0.90 kB │ gzip: 0.38 kB
02:18:45 [vite] dist/assets/Navigation.astro_astro_type_script_index_0_lang.BxRkvq3w.js        0.97 kB │ gzip: 0.44 kB
02:18:45 [vite] dist/assets/TableOfContents.astro_astro_type_script_index_0_lang.ClgIWJ3a.js   1.05 kB │ gzip: 0.54 kB
02:18:45 [vite] dist/assets/Search.astro_astro_type_script_index_0_lang.DASHXmXZ.js            1.71 kB │ gzip: 0.92 kB
02:18:45 [vite] dist/assets/search-client.8T0gqxS2.js                                          1.97 kB │ gzip: 1.02 kB
02:18:45 [vite] dist/assets/GroupSidebar.astro_astro_type_script_index_0_lang.CHMaUHWQ.js      2.33 kB │ gzip: 1.05 kB
02:18:45 [vite] ✓ built in 32ms

 generating static routes 
02:18:45 ▶ src/pages/404.astro
02:18:45   └─ /404.html (+23ms) 
02:18:45 ▶ src/pages/[version]/[lang]/index.astro
02:18:45   ├─ /v1-16/en/index.html (+5ms) 
02:18:45   └─ /v1-16/ja/index.html (+3ms) 
02:18:45 ▶ src/pages/[version]/index.astro
02:18:45   └─ /v1-16/index.html (+1ms) 
02:18:45 ▶ src/pages/index.astro
02:18:45   └─ /index.html (+1ms) 
02:18:45 ▶ src/pages/[version]/[lang]/[...slug].astro
02:18:45   ├─ /v1-16/en/03-reference/01-changelog/index.html (+7ms) 
02:18:45   ├─ /v1-16/en/03-reference/02-api-reference/index.html (+5ms) 
02:18:45   ├─ /v1-16/en/04-license/01-license/index.html (+3ms) 
02:18:45   ├─ /v1-16/en/02-manual/02-installation/index.html (+3ms) 
02:18:45   ├─ /v1-16/en/02-manual/04-loading-documents/index.html (+3ms) 
02:18:45   ├─ /v1-16/en/02-manual/03-document-object-model/index.html (+5ms) 
02:18:45   ├─ /v1-16/en/01-overview/01-quick-start/index.html (+9ms) 
02:18:45   ├─ /v1-16/en/02-manual/05-accessing-document-data/index.html (+11ms) 
02:18:45   ├─ /v1-16/en/02-manual/06-modifying-document-data/index.html (+4ms) 
02:18:45   ├─ /v1-16/en/02-manual/01-overview/index.html (+3ms) 
02:18:45   ├─ /v1-16/en/02-manual/08-xpath/index.html (+3ms) 
02:18:45   ├─ /v1-16/ja/01-overview/01-quick-start/index.html (+3ms) 
02:18:45   ├─ /v1-16/en/02-manual/07-saving-documents/index.html (+4ms) 
02:18:45   ├─ /v1-16/ja/02-manual/01-overview/index.html (+3ms) 
02:18:45   ├─ /v1-16/ja/02-manual/02-installation/index.html (+3ms) 
02:18:45   ├─ /v1-16/ja/02-manual/04-loading-documents/index.html (+3ms) 
02:18:45   ├─ /v1-16/ja/02-manual/03-document-object-model/index.html (+3ms) 
02:18:45   ├─ /v1-16/ja/02-manual/05-accessing-document-data/index.html (+3ms) 
02:18:45   ├─ /v1-16/ja/02-manual/06-modifying-document-data/index.html (+3ms) 
02:18:45   ├─ /v1-16/ja/02-manual/07-saving-documents/index.html (+3ms) 
02:18:45   ├─ /v1-16/ja/02-manual/08-xpath/index.html (+2ms) 
02:18:45   ├─ /v1-16/ja/03-reference/01-changelog/index.html (+3ms) 
02:18:45   ├─ /v1-16/ja/03-reference/02-api-reference/index.html (+4ms) 
02:18:45   └─ /v1-16/ja/04-license/01-license/index.html (+3ms) 
02:18:45 ✓ Completed in 139ms.

02:18:45 [build] 29 page(s) built in 3.12s
02:18:45 [build] Complete!
【情報】sample-docs: 再生成します (検証済み成果物目録がありません。再ビルドしてください: sample-docs)
【情報】sample-docs をビルドしています...

> apps-sample-docs@0.0.1 prebuild /private/tmp/libx-fmt-import-20261002/apps/sample-docs
> libx-docs-prepare --projects=sample-docs

【情報】選択的サイドバー生成を開始します...
【情報】指定されたプロジェクト: sample-docs
【情報】プロジェクト sample-docs の処理を開始します...
  - v1 では以下の言語ディレクトリが見つからなかったため出力対象から除外します: ar
  - en/v1 のサイドバーを生成中...
  - JSONファイルを保存しました: /private/tmp/libx-fmt-import-20261002/apps/sample-docs/public/sidebar.prepared-84120/sidebar-en-v1.json
  - ja/v1 のサイドバーを生成中...
  - JSONファイルを保存しました: /private/tmp/libx-fmt-import-20261002/apps/sample-docs/public/sidebar.prepared-84120/sidebar-ja-v1.json
  - ar/v2 のサイドバーを生成中...
  - JSONファイルを保存しました: /private/tmp/libx-fmt-import-20261002/apps/sample-docs/public/sidebar.prepared-84120/sidebar-ar-v2.json
  - en/v2 のサイドバーを生成中...
  - JSONファイルを保存しました: /private/tmp/libx-fmt-import-20261002/apps/sample-docs/public/sidebar.prepared-84120/sidebar-en-v2.json
  - ja/v2 のサイドバーを生成中...
  - JSONファイルを保存しました: /private/tmp/libx-fmt-import-20261002/apps/sample-docs/public/sidebar.prepared-84120/sidebar-ja-v2.json
【情報】選択的サイドバー生成が完了しました
【情報】処理したプロジェクト: sample-docs
検索索引 v1/en: 1ページ、3724 bytes
検索索引 v1/ja: 1ページ、4988 bytes
検索索引 v2/ar: 3ページ、7903 bytes
検索索引 v2/en: 17ページ、105771 bytes
検索索引 v2/ja: 15ページ、133954 bytes
検索索引生成: 5件、146ms

> apps-sample-docs@0.0.1 build /private/tmp/libx-fmt-import-20261002/apps/sample-docs
> astro build

02:18:47 [content] Syncing content
02:18:47 [content] Synced content
02:18:47 [types] Generated 207ms
02:18:47 [build] output: "static"
02:18:47 [build] mode: "static"
02:18:47 [build] directory: /private/tmp/libx-fmt-import-20261002/apps/sample-docs/dist/
02:18:47 [build] Collecting build info...
02:18:47 [build] ✓ Completed in 223ms.
02:18:47 [build] Building static entrypoints...
02:18:52 [vite] ✓ built in 4.06s
02:18:52 [build] ✓ Completed in 4.08s.

 building client (vite) 
02:18:52 [vite] transforming...
02:18:52 [vite] ✓ 13 modules transformed.
02:18:52 [vite] rendering chunks...
02:18:52 [vite] computing gzip size...
02:18:52 [vite] dist/assets/MainLayout.astro_astro_type_script_index_0_lang.nnOmJ_4t.js        0.16 kB │ gzip: 0.15 kB
02:18:52 [vite] dist/assets/Banner.astro_astro_type_script_index_0_lang.JXV-v118.js            0.32 kB │ gzip: 0.24 kB
02:18:52 [vite] dist/assets/ThemeToggle.astro_astro_type_script_index_0_lang.BDHHZQnD.js       0.69 kB │ gzip: 0.36 kB
02:18:52 [vite] dist/assets/VersionDiff.astro_astro_type_script_index_0_lang.DQPfIGNm.js       0.69 kB │ gzip: 0.47 kB
02:18:52 [vite] dist/assets/SidebarPersister.astro_astro_type_script_index_0_lang.1HBmR04Y.js  0.79 kB │ gzip: 0.46 kB
02:18:52 [vite] dist/assets/Sidebar.astro_astro_type_script_index_0_lang.Dr4m1BH4.js           0.90 kB │ gzip: 0.38 kB
02:18:52 [vite] dist/assets/Navigation.astro_astro_type_script_index_0_lang.BxRkvq3w.js        0.97 kB │ gzip: 0.44 kB
02:18:52 [vite] dist/assets/TableOfContents.astro_astro_type_script_index_0_lang.ClgIWJ3a.js   1.05 kB │ gzip: 0.54 kB
02:18:52 [vite] dist/assets/Search.astro_astro_type_script_index_0_lang.B_E6RSB2.js            1.71 kB │ gzip: 0.93 kB
02:18:52 [vite] dist/assets/search-client.8T0gqxS2.js                                          1.97 kB │ gzip: 1.02 kB
02:18:52 [vite] dist/assets/GroupSidebar.astro_astro_type_script_index_0_lang.CHMaUHWQ.js      2.33 kB │ gzip: 1.05 kB
02:18:52 [vite] ✓ built in 35ms

 generating static routes 
02:18:52 ▶ src/pages/404.astro
02:18:52   └─ /404.html (+15ms) 
02:18:52 ▶ src/pages/[version]/[lang]/index.astro
02:18:52   ├─ /v1/en/index.html (+4ms) 
02:18:52   ├─ /v2/en/index.html (+4ms) 
02:18:52   ├─ /v1/ja/index.html (+4ms) 
02:18:52   ├─ /v2/ja/index.html (+2ms) 
02:18:52   └─ /v2/ar/index.html (+3ms) 
02:18:52 ▶ src/pages/index.astro
02:18:52   └─ /index.html (+1ms) 
02:18:52 ▶ src/pages/[version]/[lang]/[...slug].astro
02:18:52   ├─ /v1/en/01-guide/01-getting-started/index.html (+9ms) 
02:18:52   ├─ /v1/ja/01-guide/01-getting-started/index.html (+5ms) 
02:18:52   ├─ /v2/ar/01-guide/02-creating-documents/index.html (+9ms) 
02:18:52   ├─ /v2/ar/01-guide/03-editing-documents/index.html (+4ms) 
02:18:52   ├─ /v2/ja/01-guide/01-getting-started/index.html (+7ms) 
02:18:52   ├─ /v2/ja/01-guide/02-creating-documents/index.html (+7ms) 
02:18:52   ├─ /v2/ar/01-guide/01-getting-started/index.html (+4ms) 
02:18:52   ├─ /v2/ja/01-guide/03-editing-documents/index.html (+7ms) 
02:18:52   ├─ /v2/ja/01-guide/04-organizing-content/index.html (+7ms) 
02:18:52   ├─ /v2/ja/01-guide/05-version-management/index.html (+6ms) 
02:18:52   ├─ /v2/ja/02-components/01-overview/index.html (+7ms) 
02:18:52   ├─ /v2/ja/02-components/03-tabs/index.html (+12ms) 
02:18:52   ├─ /v2/ja/02-components/04-sidebar-generation/index.html (+11ms) 
02:18:52   ├─ /v2/ja/02-components/02-icons/index.html (+6ms) 
02:18:52   ├─ /v2/ja/02-components/05-math-display/index.html (+21ms) 
02:18:52   ├─ /v2/ja/03-advanced/02-automation/index.html (+18ms) 
02:18:52   ├─ /v2/ja/03-advanced/01-customization/index.html (+14ms) 
02:18:52   ├─ /v2/ja/03-advanced/03-deployment/index.html (+13ms) 
02:18:52   ├─ /v2/ja/04-reference/01-frontmatter/index.html (+6ms) 
02:18:52   ├─ /v2/ja/04-reference/02-mdx-authoring/index.html (+4ms) 
02:18:52   ├─ /v2/en/01-guide/01-getting-started/index.html (+7ms) 
02:18:52   ├─ /v2/en/01-guide/03-editing-documents/index.html (+6ms) 
02:18:52   ├─ /v2/en/01-guide/02-creating-documents/index.html (+6ms) 
02:18:52   ├─ /v2/en/02-components/01-overview/index.html (+5ms) 
02:18:52   ├─ /v2/en/02-components/02-icons/index.html (+6ms) 
02:18:52   ├─ /v2/en/01-guide/05-version-management/index.html (+6ms) 
02:18:52   ├─ /v2/en/02-components/03-tabs/index.html (+11ms) 
02:18:52   ├─ /v2/en/01-guide/04-organizing-content/index.html (+6ms) 
02:18:52   ├─ /v2/en/02-components/04-sidebar-generation/index.html (+6ms) 
02:18:52   ├─ /v2/en/02-components/05-math-display/index.html (+5ms) 
02:18:52   ├─ /v2/en/04-reference/01-frontmatter/index.html (+6ms) 
02:18:52   ├─ /v2/en/04-reference/02-mdx-authoring/index.html (+7ms) 
02:18:52   ├─ /v2/en/03-advanced/02-automation/index.html (+14ms) 
02:18:52   ├─ /v2/en/03-advanced/01-customization/index.html (+12ms) 
02:18:52   ├─ /v2/en/03-advanced/03-deployment/index.html (+11ms) 
02:18:52   ├─ /v2/en/05-tutorials/01-sync-placeholder-test/index.html (+4ms) 
02:18:52   └─ /v2/en/06-performance/01-heavy-fixture/index.html (+4ms) 
02:18:52 ✓ Completed in 349ms.

02:18:52 [build] 44 page(s) built in 4.71s
02:18:52 [build] Complete!
【情報】test-verification: 再生成します (検証済み成果物目録がありません。再ビルドしてください: test-verification)
【情報】test-verification をビルドしています...

> apps-test-verification@0.0.1 prebuild /private/tmp/libx-fmt-import-20261002/apps/test-verification
> libx-docs-prepare --projects=test-verification

【情報】選択的サイドバー生成を開始します...
【情報】指定されたプロジェクト: test-verification
【情報】プロジェクト test-verification の処理を開始します...
  - en/v1 のサイドバーを生成中...
  - JSONファイルを保存しました: /private/tmp/libx-fmt-import-20261002/apps/test-verification/public/sidebar.prepared-84615/sidebar-en-v1.json
  - ja/v1 のサイドバーを生成中...
  - JSONファイルを保存しました: /private/tmp/libx-fmt-import-20261002/apps/test-verification/public/sidebar.prepared-84615/sidebar-ja-v1.json
  - ko/v1 のサイドバーを生成中...
  - JSONファイルを保存しました: /private/tmp/libx-fmt-import-20261002/apps/test-verification/public/sidebar.prepared-84615/sidebar-ko-v1.json
  - en/v2 のサイドバーを生成中...
  - JSONファイルを保存しました: /private/tmp/libx-fmt-import-20261002/apps/test-verification/public/sidebar.prepared-84615/sidebar-en-v2.json
  - ja/v2 のサイドバーを生成中...
  - JSONファイルを保存しました: /private/tmp/libx-fmt-import-20261002/apps/test-verification/public/sidebar.prepared-84615/sidebar-ja-v2.json
  - ko/v2 のサイドバーを生成中...
  - JSONファイルを保存しました: /private/tmp/libx-fmt-import-20261002/apps/test-verification/public/sidebar.prepared-84615/sidebar-ko-v2.json
【情報】選択的サイドバー生成が完了しました
【情報】処理したプロジェクト: test-verification
検索索引 v1/en: 1ページ、3096 bytes
検索索引 v1/ja: 1ページ、4070 bytes
検索索引 v1/ko: 1ページ、3386 bytes
検索索引 v2/en: 7ページ、7300 bytes
検索索引 v2/ja: 3ページ、5500 bytes
検索索引 v2/ko: 3ページ、5065 bytes
検索索引生成: 6件、42ms

> apps-test-verification@0.0.1 build /private/tmp/libx-fmt-import-20261002/apps/test-verification
> astro build

02:18:54 [content] Syncing content
02:18:54 [content] Synced content
02:18:54 [types] Generated 152ms
02:18:54 [build] output: "static"
02:18:54 [build] mode: "static"
02:18:54 [build] directory: /private/tmp/libx-fmt-import-20261002/apps/test-verification/dist/
02:18:54 [build] Collecting build info...
02:18:54 [build] ✓ Completed in 169ms.
02:18:54 [build] Building static entrypoints...
02:18:55 [vite] ✓ built in 1.30s
02:18:55 [build] ✓ Completed in 1.32s.

 building client (vite) 
02:18:55 [vite] transforming...
02:18:55 [vite] ✓ 13 modules transformed.
02:18:55 [vite] rendering chunks...
02:18:55 [vite] computing gzip size...
02:18:55 [vite] dist/assets/MainLayout.astro_astro_type_script_index_0_lang.Cyu8aIpQ.js        0.17 kB │ gzip: 0.15 kB
02:18:55 [vite] dist/assets/Banner.astro_astro_type_script_index_0_lang.JXV-v118.js            0.32 kB │ gzip: 0.24 kB
02:18:55 [vite] dist/assets/ThemeToggle.astro_astro_type_script_index_0_lang.BDHHZQnD.js       0.69 kB │ gzip: 0.36 kB
02:18:55 [vite] dist/assets/VersionDiff.astro_astro_type_script_index_0_lang.DQPfIGNm.js       0.69 kB │ gzip: 0.47 kB
02:18:55 [vite] dist/assets/SidebarPersister.astro_astro_type_script_index_0_lang.1HBmR04Y.js  0.79 kB │ gzip: 0.46 kB
02:18:55 [vite] dist/assets/Sidebar.astro_astro_type_script_index_0_lang.Dr4m1BH4.js           0.90 kB │ gzip: 0.38 kB
02:18:55 [vite] dist/assets/Navigation.astro_astro_type_script_index_0_lang.BxRkvq3w.js        0.97 kB │ gzip: 0.44 kB
02:18:55 [vite] dist/assets/TableOfContents.astro_astro_type_script_index_0_lang.ClgIWJ3a.js   1.05 kB │ gzip: 0.54 kB
02:18:55 [vite] dist/assets/Search.astro_astro_type_script_index_0_lang.IhNFegc5.js            1.72 kB │ gzip: 0.93 kB
02:18:55 [vite] dist/assets/search-client.8T0gqxS2.js                                          1.97 kB │ gzip: 1.02 kB
02:18:55 [vite] dist/assets/GroupSidebar.astro_astro_type_script_index_0_lang.CHMaUHWQ.js      2.33 kB │ gzip: 1.05 kB
02:18:55 [vite] ✓ built in 31ms

 generating static routes 
02:18:55 ▶ src/pages/404.astro
02:18:55   └─ /404.html (+11ms) 
02:18:55 ▶ src/pages/[version]/[lang]/index.astro
02:18:55   ├─ /v1/en/index.html (+4ms) 
02:18:55   ├─ /v1/ja/index.html (+3ms) 
02:18:55   ├─ /v1/ko/index.html (+3ms) 
02:18:55   ├─ /v2/en/index.html (+2ms) 
02:18:55   ├─ /v2/ja/index.html (+2ms) 
02:18:55   └─ /v2/ko/index.html (+2ms) 
02:18:55 ▶ src/pages/[version]/index.astro
02:18:55   ├─ /v1/index.html (+1ms) 
02:18:55   └─ /v2/index.html (+0ms) 
02:18:55 ▶ src/pages/index.astro
02:18:55   └─ /index.html (+1ms) 
02:18:55 ▶ src/pages/[version]/[lang]/[...slug].astro
02:18:55   ├─ /v1/ja/01-guide/01-getting-started/index.html (+8ms) 
02:18:55   ├─ /v1/en/01-guide/01-getting-started/index.html (+5ms) 
02:18:55   ├─ /v1/ko/01-guide/01-getting-started/index.html (+4ms) 
02:18:55   ├─ /v2/en/01-guide/02-installation-guide/index.html (+3ms) 
02:18:55   ├─ /v2/en/01-guide/01-getting-started/index.html (+4ms) 
02:18:55   ├─ /v2/ja/01-guide/01-getting-started/index.html (+7ms) 
02:18:55   ├─ /v2/en/03-markdown-contract/03-ui-components/index.html (+4ms) 
02:18:55   ├─ /v2/en/03-markdown-contract/02-mdx-parity/index.html (+3ms) 
02:18:55   ├─ /v2/en/03-markdown-contract/04-no-toc/index.html (+3ms) 
02:18:55   ├─ /v2/en/03-markdown-contract/01-markdown-parity/index.html (+3ms) 
02:18:55   ├─ /v2/ja/01-guide/02-installation-guide/index.html (+3ms) 
02:18:55   ├─ /v2/en/02-api-reference/01-api-overview/index.html (+3ms) 
02:18:55   ├─ /v2/ja/02-api-reference/01-api-overview/index.html (+3ms) 
02:18:55   ├─ /v2/ko/01-guide/01-getting-started/index.html (+4ms) 
02:18:55   ├─ /v2/ko/01-guide/02-installation-guide/index.html (+4ms) 
02:18:55   └─ /v2/ko/02-api-reference/01-api-overview/index.html (+3ms) 
02:18:55 ✓ Completed in 104ms.

02:18:55 [build] 26 page(s) built in 1.63s
02:18:55 [build] Complete!
【情報】toml: 再生成します (検証済み成果物目録がありません。再ビルドしてください: toml)
【情報】toml をビルドしています...

> apps-toml@0.0.1 prebuild /private/tmp/libx-fmt-import-20261002/apps/toml
> libx-docs-prepare --projects=toml

【情報】選択的サイドバー生成を開始します...
【情報】指定されたプロジェクト: toml
【情報】プロジェクト toml の処理を開始します...
  - en/v1-1-0 のサイドバーを生成中...
  - JSONファイルを保存しました: /private/tmp/libx-fmt-import-20261002/apps/toml/public/sidebar.prepared-84698/sidebar-en-v1-1-0.json
  - ja/v1-1-0 のサイドバーを生成中...
  - JSONファイルを保存しました: /private/tmp/libx-fmt-import-20261002/apps/toml/public/sidebar.prepared-84698/sidebar-ja-v1-1-0.json
【情報】選択的サイドバー生成が完了しました
【情報】処理したプロジェクト: toml
検索索引 v1-1-0/en: 3ページ、36321 bytes
検索索引 v1-1-0/ja: 3ページ、41880 bytes
検索索引生成: 2件、65ms

> apps-toml@0.0.1 build /private/tmp/libx-fmt-import-20261002/apps/toml
> astro build

02:18:57 [content] Syncing content
[Shiki] The language "abnf" doesn't exist, falling back to "plaintext".
[Shiki] The language "abnf" doesn't exist, falling back to "plaintext".
02:18:57 [content] Synced content
02:18:57 [types] Generated 408ms
02:18:57 [build] output: "static"
02:18:57 [build] mode: "static"
02:18:57 [build] directory: /private/tmp/libx-fmt-import-20261002/apps/toml/dist/
02:18:57 [build] Collecting build info...
02:18:57 [build] ✓ Completed in 423ms.
02:18:57 [build] Building static entrypoints...
02:18:58 [vite] ✓ built in 1.02s
02:18:58 [build] ✓ Completed in 1.04s.

 building client (vite) 
02:18:58 [vite] transforming...
02:18:58 [vite] ✓ 13 modules transformed.
02:18:58 [vite] rendering chunks...
02:18:58 [vite] computing gzip size...
02:18:58 [vite] dist/assets/MainLayout.astro_astro_type_script_index_0_lang.CaRfwu2h.js        0.15 kB │ gzip: 0.15 kB
02:18:58 [vite] dist/assets/Banner.astro_astro_type_script_index_0_lang.JXV-v118.js            0.32 kB │ gzip: 0.24 kB
02:18:58 [vite] dist/assets/ThemeToggle.astro_astro_type_script_index_0_lang.BDHHZQnD.js       0.69 kB │ gzip: 0.36 kB
02:18:58 [vite] dist/assets/VersionDiff.astro_astro_type_script_index_0_lang.DQPfIGNm.js       0.69 kB │ gzip: 0.47 kB
02:18:58 [vite] dist/assets/SidebarPersister.astro_astro_type_script_index_0_lang.1HBmR04Y.js  0.79 kB │ gzip: 0.46 kB
02:18:58 [vite] dist/assets/Sidebar.astro_astro_type_script_index_0_lang.Dr4m1BH4.js           0.90 kB │ gzip: 0.38 kB
02:18:58 [vite] dist/assets/Navigation.astro_astro_type_script_index_0_lang.BxRkvq3w.js        0.97 kB │ gzip: 0.44 kB
02:18:58 [vite] dist/assets/TableOfContents.astro_astro_type_script_index_0_lang.ClgIWJ3a.js   1.05 kB │ gzip: 0.54 kB
02:18:58 [vite] dist/assets/Search.astro_astro_type_script_index_0_lang.5htYYn96.js            1.71 kB │ gzip: 0.92 kB
02:18:58 [vite] dist/assets/search-client.8T0gqxS2.js                                          1.97 kB │ gzip: 1.02 kB
02:18:58 [vite] dist/assets/GroupSidebar.astro_astro_type_script_index_0_lang.CHMaUHWQ.js      2.33 kB │ gzip: 1.05 kB
02:18:58 [vite] ✓ built in 30ms

 generating static routes 
02:18:58 ▶ src/pages/404.astro
02:18:58   └─ /404.html (+12ms) 
02:18:59 ▶ src/pages/[version]/[lang]/index.astro
02:18:59   ├─ /v1-1-0/en/index.html (+4ms) 
02:18:59   └─ /v1-1-0/ja/index.html (+3ms) 
02:18:59 ▶ src/pages/[version]/index.astro
02:18:59   └─ /v1-1-0/index.html (+1ms) 
02:18:59 ▶ src/pages/index.astro
02:18:59   └─ /index.html (+1ms) 
02:18:59 ▶ src/pages/[version]/[lang]/[...slug].astro
02:18:59   ├─ /v1-1-0/en/02-reference/02-abnf/index.html (+5ms) 
02:18:59   ├─ /v1-1-0/ja/02-reference/02-abnf/index.html (+3ms) 
02:18:59   ├─ /v1-1-0/en/01-specification/01-specification/index.html (+3ms) 
02:18:59   ├─ /v1-1-0/ja/01-specification/01-specification/index.html (+4ms) 
02:18:59   ├─ /v1-1-0/ja/03-license/01-license/index.html (+3ms) 
02:18:59   └─ /v1-1-0/en/03-license/01-license/index.html (+5ms) 
02:18:59 ✓ Completed in 53ms.

02:18:59 [build] 11 page(s) built in 1.55s
02:18:59 [build] Complete!
【情報】uthash: 再生成します (検証済み成果物目録がありません。再ビルドしてください: uthash)
【情報】uthash をビルドしています...

> apps-uthash@0.0.1 prebuild /private/tmp/libx-fmt-import-20261002/apps/uthash
> libx-docs-prepare --projects=uthash && node ../../scripts/importers/build-uthash-search-index.mjs

【情報】選択的サイドバー生成を開始します...
【情報】指定されたプロジェクト: uthash
【情報】プロジェクト uthash の処理を開始します...
  - en/v2-4-0 のサイドバーを生成中...
  - JSONファイルを保存しました: /private/tmp/libx-fmt-import-20261002/apps/uthash/public/sidebar.prepared-84874/sidebar-en-v2-4-0.json
  - ja/v2-4-0 のサイドバーを生成中...
  - JSONファイルを保存しました: /private/tmp/libx-fmt-import-20261002/apps/uthash/public/sidebar.prepared-84874/sidebar-ja-v2-4-0.json
【情報】選択的サイドバー生成が完了しました
【情報】処理したプロジェクト: uthash
検索索引 v2-4-0/en: 8ページ、129871 bytes
検索索引 v2-4-0/ja: 8ページ、159026 bytes
検索索引生成: 2件、286ms
{"sourceIdSearch":[{"lang":"en","pages":8,"headings":172},{"lang":"ja","pages":8,"headings":172}]}

> apps-uthash@0.0.1 build /private/tmp/libx-fmt-import-20261002/apps/uthash
> astro build

02:19:02 [content] Syncing content
02:19:02 [content] Synced content
02:19:02 [types] Generated 647ms
02:19:02 [build] output: "static"
02:19:02 [build] mode: "static"
02:19:02 [build] directory: /private/tmp/libx-fmt-import-20261002/apps/uthash/dist/
02:19:02 [build] Collecting build info...
02:19:02 [build] ✓ Completed in 662ms.
02:19:02 [build] Building static entrypoints...
02:19:03 [vite] ✓ built in 1.07s
02:19:03 [build] ✓ Completed in 1.09s.

 building client (vite) 
02:19:03 [vite] transforming...
02:19:03 [vite] ✓ 13 modules transformed.
02:19:03 [vite] rendering chunks...
02:19:03 [vite] computing gzip size...
02:19:03 [vite] dist/assets/MainLayout.astro_astro_type_script_index_0_lang.Cu2NfUyR.js        0.16 kB │ gzip: 0.15 kB
02:19:03 [vite] dist/assets/Banner.astro_astro_type_script_index_0_lang.JXV-v118.js            0.32 kB │ gzip: 0.24 kB
02:19:03 [vite] dist/assets/ThemeToggle.astro_astro_type_script_index_0_lang.BDHHZQnD.js       0.69 kB │ gzip: 0.36 kB
02:19:03 [vite] dist/assets/VersionDiff.astro_astro_type_script_index_0_lang.DQPfIGNm.js       0.69 kB │ gzip: 0.47 kB
02:19:03 [vite] dist/assets/SidebarPersister.astro_astro_type_script_index_0_lang.1HBmR04Y.js  0.79 kB │ gzip: 0.46 kB
02:19:03 [vite] dist/assets/Sidebar.astro_astro_type_script_index_0_lang.Dr4m1BH4.js           0.90 kB │ gzip: 0.38 kB
02:19:03 [vite] dist/assets/Navigation.astro_astro_type_script_index_0_lang.BxRkvq3w.js        0.97 kB │ gzip: 0.44 kB
02:19:03 [vite] dist/assets/TableOfContents.astro_astro_type_script_index_0_lang.ClgIWJ3a.js   1.05 kB │ gzip: 0.54 kB
02:19:03 [vite] dist/assets/Search.astro_astro_type_script_index_0_lang.Dd3FOJeg.js            1.71 kB │ gzip: 0.92 kB
02:19:03 [vite] dist/assets/search-client.8T0gqxS2.js                                          1.97 kB │ gzip: 1.02 kB
02:19:03 [vite] dist/assets/GroupSidebar.astro_astro_type_script_index_0_lang.CHMaUHWQ.js      2.33 kB │ gzip: 1.05 kB
02:19:03 [vite] ✓ built in 33ms

 generating static routes 
02:19:03 ▶ src/pages/404.astro
02:19:03   └─ /404.html (+16ms) 
02:19:03 ▶ src/pages/[version]/[lang]/index.astro
02:19:03   ├─ /v2-4-0/en/index.html (+7ms) 
02:19:03   └─ /v2-4-0/ja/index.html (+3ms) 
02:19:03 ▶ src/pages/[version]/index.astro
02:19:03   └─ /v2-4-0/index.html (+1ms) 
02:19:03 ▶ src/pages/index.astro
02:19:03   └─ /index.html (+1ms) 
02:19:03 ▶ src/pages/[version]/[lang]/[...slug].astro
02:19:03   ├─ /v2-4-0/en/01-guides/07-changelog/index.html (+6ms) 
02:19:03   ├─ /v2-4-0/en/01-guides/05-utstack/index.html (+3ms) 
02:19:03   ├─ /v2-4-0/en/01-guides/02-utlist/index.html (+3ms) 
02:19:03   ├─ /v2-4-0/en/01-guides/04-utringbuffer/index.html (+3ms) 
02:19:03   ├─ /v2-4-0/en/01-guides/06-utstring/index.html (+3ms) 
02:19:03   ├─ /v2-4-0/en/01-guides/03-utarray/index.html (+3ms) 
02:19:03   ├─ /v2-4-0/en/01-guides/01-userguide/index.html (+4ms) 
02:19:03   ├─ /v2-4-0/ja/01-guides/01-userguide/index.html (+4ms) 
02:19:03   ├─ /v2-4-0/en/02-license/01-license/index.html (+2ms) 
02:19:03   ├─ /v2-4-0/ja/02-license/01-license/index.html (+2ms) 
02:19:03   ├─ /v2-4-0/ja/01-guides/02-utlist/index.html (+3ms) 
02:19:03   ├─ /v2-4-0/ja/01-guides/03-utarray/index.html (+3ms) 
02:19:03   ├─ /v2-4-0/ja/01-guides/04-utringbuffer/index.html (+3ms) 
02:19:03   ├─ /v2-4-0/ja/01-guides/05-utstack/index.html (+2ms) 
02:19:03   ├─ /v2-4-0/ja/01-guides/06-utstring/index.html (+2ms) 
02:19:03   └─ /v2-4-0/ja/01-guides/07-changelog/index.html (+2ms) 
02:19:03 ✓ Completed in 88ms.

02:19:03 [build] 21 page(s) built in 1.88s
02:19:03 [build] Complete!
【情報】landing: 再生成します (検証済み成果物目録がありません。再ビルドしてください: landing)
【情報】landing をビルドしています...

> sites-landing@0.0.1 build /private/tmp/libx-fmt-import-20261002/sites/landing
> astro build

02:19:05 [content] Syncing content
02:19:05 [content] Synced content
02:19:05 [types] Generated 75ms
02:19:05 [build] output: "static"
02:19:05 [build] mode: "static"
02:19:05 [build] directory: /private/tmp/libx-fmt-import-20261002/sites/landing/dist/
02:19:05 [build] Collecting build info...
02:19:05 [build] ✓ Completed in 87ms.
02:19:05 [build] Building static entrypoints...
02:19:05 [vite] ✓ built in 894ms
02:19:05 [build] ✓ Completed in 913ms.

 building client (vite) 
02:19:05 [vite] transforming...
02:19:05 [vite] ✓ 11 modules transformed.
02:19:05 [vite] rendering chunks...
02:19:05 [vite] computing gzip size...
02:19:05 [vite] dist/assets/Banner.astro_astro_type_script_index_0_lang.JXV-v118.js            0.32 kB │ gzip: 0.24 kB
02:19:05 [vite] dist/assets/ThemeToggle.astro_astro_type_script_index_0_lang.BDHHZQnD.js       0.69 kB │ gzip: 0.36 kB
02:19:05 [vite] dist/assets/SidebarPersister.astro_astro_type_script_index_0_lang.1HBmR04Y.js  0.79 kB │ gzip: 0.46 kB
02:19:05 [vite] dist/assets/Sidebar.astro_astro_type_script_index_0_lang.Dr4m1BH4.js           0.90 kB │ gzip: 0.38 kB
02:19:05 [vite] dist/assets/Navigation.astro_astro_type_script_index_0_lang.BxRkvq3w.js        0.97 kB │ gzip: 0.44 kB
02:19:05 [vite] dist/assets/TableOfContents.astro_astro_type_script_index_0_lang.ClgIWJ3a.js   1.05 kB │ gzip: 0.54 kB
02:19:05 [vite] dist/assets/Search.astro_astro_type_script_index_0_lang.DfbPoSz4.js            1.70 kB │ gzip: 0.91 kB
02:19:05 [vite] dist/assets/search-client.8T0gqxS2.js                                          1.97 kB │ gzip: 1.02 kB
02:19:05 [vite] dist/assets/GroupSidebar.astro_astro_type_script_index_0_lang.CHMaUHWQ.js      2.33 kB │ gzip: 1.05 kB
02:19:05 [vite] ✓ built in 32ms

 generating static routes 
02:19:05 ▶ src/pages/404.astro
02:19:05   └─ /404.html (+186ms) 
02:19:06 ▶ src/pages/[lang]/index.astro
02:19:06   ├─ /en/index.html (+4ms) 
02:19:06   ├─ /ja/index.html (+3ms) 
02:19:06   ├─ /zh-Hans/index.html (+3ms) 
02:19:06   ├─ /zh-Hant/index.html (+3ms) 
02:19:06   ├─ /es/index.html (+2ms) 
02:19:06   ├─ /pt-BR/index.html (+2ms) 
02:19:06   ├─ /ko/index.html (+2ms) 
02:19:06   ├─ /de/index.html (+2ms) 
02:19:06   ├─ /fr/index.html (+2ms) 
02:19:06   ├─ /ru/index.html (+2ms) 
02:19:06   ├─ /ar/index.html (+2ms) 
02:19:06   ├─ /id/index.html (+2ms) 
02:19:06   ├─ /tr/index.html (+2ms) 
02:19:06   ├─ /hi/index.html (+2ms) 
02:19:06   └─ /vi/index.html (+2ms) 
02:19:06 ▶ src/pages/index.astro
02:19:06   └─ /index.html (+0ms) 
02:19:06 ✓ Completed in 232ms.

02:19:06 [build] 16 page(s) built in 1.27s
02:19:06 [build] Complete!
【情報】統合ビルド: {"selected":["awesome/overview","awesome/web","awesome/languages","awesome/systems","awesome/science","awesome/creative","awesome/community","fmt","glfw","lua","pugixml","sample-docs","test-verification","toml","uthash","landing"],"built":["awesome/overview","awesome/web","awesome/languages","awesome/systems","awesome/science","awesome/creative","awesome/community","fmt","glfw","lua","pugixml","sample-docs","test-verification","toml","uthash","landing"],"reused":[],"groups":["awesome"],"removedJavaScriptFiles":257}
